DOG_ID,BREED
535b5148-3787-4a83-8af0-0cddad634d61,12AmericanCockerand12GoldenRetriever
a8e0689e-d31c-4d50-b55a-dc8d30d0b3f1,12Dachshund14Maltese14Shihtzu
8755fb4e-6b3d-4ecb-8303-8c1e07977b80,Airedale
10541c3c-42f8-4c22-b974-5032add36da4,AlaskanMalamute
1efa14c7-69f5-4a42-a4d4-974540c92f74,AlaskanMalamute
f781e62c-0d56-4265-97af-ad2e86da110c,Allthreepurebordercollie
df29097a-553f-4b44-ac06-ab71e4e432d1,Amastaff
38157e9e-f2a7-4207-ba5d-b75a392db31a,AmericanBulldog
8589dc96-e01a-43b6-ab82-dcb784df7c00,AmericanBulldog
8e9c4ac6-a82b-4401-bc10-f39f66be1245,AmericanBully
c5991b0b-cd68-4267-ab46-34c892733ff8,AmericanCockerSpaniel
e8505687-5baf-4ea4-8b85-3a358b880bec,AmericanCockerandGoldenRetrievermix
f485006d-b6c6-4f80-bb72-b769cb1379b9,AmericanEskimo
d678cb6b-cb09-4666-99d9-826993afb58a,AmericanEskimo
f58f87da-8ef7-4e0a-8181-c23a6d1c063b,AmericanEskimo
511f26e6-6a6f-4ef3-a004-c05e4f45eb6a,AmericanEskimofox
04048516-87e6-42a4-8805-69b5a3e19c73,AmericanPitBullTerrier
50d27402-1547-43d1-a9cc-7d30befa1c30,AmericanPitBullTerrier
27932dd9-f25f-4688-9999-f194b60711aa,AmericanStaffordshireterriermix
e870b542-d609-40bb-b6b0-12bbe6746b49,AmericanStaffy
a4c6538a-99e5-4b0e-8835-822849f32877,AmericanTerrier
cf4a1756-0c04-4abc-be7b-56fcbb3c212f,Americanbully
09863330-8dc8-475c-a18f-bbc1b7fde732,Americanbully
43756148-b691-4993-ace6-14c0731d5d60,Americanbully
22df082c-d47d-446f-97fd-e6d968f56c45,Americanpitbullterrier
efc9fee9-d87e-49a8-b34e-ac03acfd44ad,Americanpitbullterriermix
6e27108f-f179-4e41-9681-9f0e8f03e563,Americanpocketbully
92af3b23-f87d-4518-93fa-505c5ee7eb4d,Americanstaffordshireterrier
5c47b26e-f1b1-43f0-b317-5db8acc5f287,Amstaff
fd027b74-acd0-4135-930d-2dfa8fea9b1e,AndalusianPodenco
ac451abc-0494-4135-aa7d-9b48f4c482a2,Aussie
c8c4ccf0-75a3-4a1a-8c18-9568775e1d23,Aussie
1753e2ba-6975-41e9-ab2f-eabf3477f3bd,AussieSheppard
53c5ae73-b88c-4f58-bae8-b1d7b61baaf7,Aussiecolliemix
1448ca52-76fe-4ed4-9a74-5669c4d4d26e,Aussiedoodle
a8558124-b655-4436-871f-712de50b7076,AustralianCattledog
cb1d0c0b-41bc-454f-9f89-13af6bf6dcf7,AustralianLabradoodle
3c32d0e7-05ee-4279-be64-9ca89094be68,AustralianShepard
d4f3574a-923a-4c73-912a-5bc1d343cb2b,AustralianSheperdLabradorMix
ebe3a4d0-7a6c-494e-a7c1-9ddc9eb5216d,AustralianShepherd
2f54f0a7-287d-4ead-aaf3-75cb955afcca,AustralianShepherd
04e4686e-5171-4147-958a-e640ba3de166,AustralianShepherd
afb7dee3-4fdd-4e69-aee3-df4c52ebd63d,AustralianShepherd
987829e0-46c0-49b2-962d-ad73480818b3,AustralianShepherd
ade3a14f-05a3-4cb0-9f52-0d14331cec55,AustralianTerrier
a58bccff-74e6-4364-ad9f-0e4934996617,Australiancattledogmix
e60977e2-989f-470d-a6c3-b554902fa868,Australiankelpie
d6b08d7b-0c14-42e5-bdd7-7352b3141dd2,Australianshepherd
bf89326e-b583-464b-bee6-03eb274c13cf,Australianshepherd
1c6b18b3-4556-4dca-a94c-16c80d321fd8,Australianshepherd
5e6a5806-e7a8-42d5-8efd-47956fa0beab,Australianshepherdstandardblacktri
cc5855c8-c3cd-41e5-bd5b-d9230fbc9f94,AustralienShepherd
4c7b135b-e1a4-4995-b236-c754cb45befb,Avtralskiovar
a815760f-844d-489c-89ca-36ab05c98881,Aziat
7d5c8043-3ad8-46d3-afb3-817de3af130c,BORDERCOLLIE
04e30cae-868e-4ee4-b2f3-96deea3ac811,Basenji
bc6bc162-5040-4472-85b3-d22cd3cafdc2,BassetHound
3f0a6e04-c788-4ce9-b811-8f01d583edee,BassetLabMutt
237bfb20-e62a-4e10-96e7-44b0d1f53875,Bassethound
8d60230d-c2c9-40aa-8db3-4a57b286c5a3,Bassetthoundxspringerspaniel
01298aba-8d74-417d-9ecb-c4fb0ea31425,Bavarianmountainhound
c4351ec4-49e4-486e-911b-8bc633a008a1,Beagle
73e7ccfd-ddc7-4475-b929-5d9e0f5f1e23,Beagle
5ef1097b-3fbb-4981-b443-994275601d9e,Beagle
d8b420d3-fa1a-4513-8ed6-7a2241fbec8f,Beagle
9d5918b2-0224-42bd-9f97-8ae35795f248,Beagle
6257a741-1ab6-4138-993a-324e447e2ccb,Beagle
5c18c1bc-d6e7-46b3-8649-b0c752571c5b,Beagle
97f3bbf0-3956-4222-8725-45850a4decb3,Beagle
8c67275b-caa4-451e-89e0-eff796af92eb,Beagle
9f7dd093-d6d3-4ade-9579-d8fd51e778a4,Beagle
d4909af0-a174-45d8-a7a2-aebb25dea2e0,Beagle
4a3ceb49-94c9-4cd0-9263-c6ecc714ca87,Beagle
d75a3e3c-b551-490f-be98-5536789a7f3c,Beagle
a5585f8b-ff20-4204-a4c0-380f2aa9006b,Beagle
1ba61233-f3f0-4dba-add4-7244f6e37542,Beagle
1cffad87-907f-4981-b7cd-33c4e524382e,Beagle
21307349-3b3a-4631-bd48-843313961251,Beagle
c5e274f0-d076-4213-abaf-2d264bf8173d,Beagle
4263c928-a6a8-4da8-803f-e4a96a7eee24,Beaglemix
d5bd9e39-acf7-40e8-abb2-69a94ad73c55,Beaglemix
519e1f0f-cda1-4624-b0b8-f2feea43fae9,Beaglier
789ff906-8e69-4bef-aed7-f7620751a619,Beardedcollie
5d4f9828-b8ff-4c28-9316-151acb200c4a,BedlingtonTerrier
b89a548d-d8a9-4b02-ae76-5be4a9713d94,BelgianMalinois
1a50c27a-8c08-4f58-9fb8-ea2b6154e182,BelgianMalinois
b9b1b6cd-27f8-473a-abda-49e47b8140aa,Belgianmalinois
1b5472a5-718b-4637-b4b0-5876320d4be3,Belgianshepherd
f324f6df-0396-4f85-8703-19cbf49ab898,Berger
3e79d1a5-a160-498c-a754-e8f08252a116,Bernedoodle
af67d060-0730-4c09-9417-ef6d1c6c70fb,Bernedoodle
71901cd2-03be-4433-83f8-64e6109ef275,Bernedoodle
3bd1ad14-93a0-464c-a8e5-54473a1ba0e0,Bernese mountain dog/Australian Sheppard mix
d16194a2-48c1-42c2-b4de-146dd3a97e25,BerneseMountainDog
5b261dd1-7418-404d-886e-a64be47234e3,Bernesemountaindog
0b7acf61-7f42-461c-8751-b86267f7c9f6,Bernesemountaindog
9a4abbb3-7068-4a0e-b8e0-8265235c95dd,Bichon
7a895d42-2617-48a2-9f3e-8f776cb7a251,BichonFrieseXPoodleXShihTzu
0356d460-279f-4d14-842b-edadbaa95e19,BichonFris
f4d2b984-62e3-4153-a841-a86fc4c1111e,BichonFrise
96242e26-0f9f-43c4-b4eb-c3bc2478f7df,BichonFrise
46cbca2f-83dd-469a-983f-31df985bf579,BichonFrise
6bd16a1e-6052-45ec-a0f1-131ad3e33919,BichonMaltesecross
33c234be-b5a7-4b31-8749-e8b9a511fbff,Bichonfriesse
5d9346e9-88b8-4675-979b-ab87f84d8da3,Bichonxpoodle
53e7cfba-4b44-4eb4-b31e-c8120968be3d,Bischon
e8844db1-5029-4285-ac08-a2dccd979ab0,BishonFrise
94e8c785-c635-4d4c-816c-d92082f36411,Bishonpoodle
52f2f233-a43f-4109-9c39-3e34ea905f30,BlackLabrador
9cfdecf4-0a20-4eb8-88b1-15e4024c9f0d,BlackLabrador
f796752f-f350-4edf-9cbb-b16f44d18ea1,BlackLabradorRetrievers
3aeb15b1-c4b5-4855-9a0f-79fa416247f6,Blacklab
55aa75e3-9b94-4b0c-ae55-31900b80551e,Blacklabmix
eb7aaac7-9da8-4ddb-97f6-2eb146287e35,Blacklabrador
e1767bc1-51e6-4a94-9a4f-c0e2635a545a,BlackmouthCur
40989388-f0d0-4d76-aebb-bd959fd37a29,BluStaffordshirebullterrier
d431ab80-dcc6-42b1-adb0-9175db6c9be9,Blueheeler
61905b8b-8c52-41a3-9b17-da20ae99bb4d,BlueheelerboarderCollie
d7655193-2d00-45ab-87fa-4a723f22fb5f,Bluestaffy
3e600a3f-5a9e-4562-af7f-d633426448dc,BodegueroPodenco
3b0751da-fdc4-4f3c-a86d-7d1a2e518655,Boerboel
ebd93827-37c1-4753-a1f7-bd5a7e7314a7,Borador
707d71ba-06f4-4566-8232-05bf39cd5047,BorderCollie
d825e2f4-e0c5-4b7c-a987-4a33e34f2e5c,BorderCollie
acccecb4-1ca0-413c-bc21-5dc9d3f3090c,BorderCollie
9ed5469a-3d82-4480-9758-56ffedb6e267,BorderCollie
dc5f3128-f88d-4c78-a1be-e4043748c8c6,BorderCollie
31b77150-dc1c-477c-9f41-69181386409b,BorderCollie
1b0206e8-c12b-43fd-9eb0-32683b1405a7,BorderCollie
58520eb6-d027-4df6-bf6d-4ca5ef2bf8e1,BorderCollie
06728b61-48bb-4cc0-ae17-065fc8ebaeed,BorderCollieCross
2c70d867-b7df-485e-a249-1ddd25b46562,BorderCollieHuskyPitbullmix
dec35f61-501c-4650-b416-6f60f33802e7,BorderCollieLaborador
af53e777-9402-4edb-8064-6f3bd78718b9,BorderCollieMix
1f76a0ed-d93b-4e7a-b3f6-9b2d5a0e73cc,BorderColliePappion
7dda0b10-6d0e-4585-b630-1b12a74c2fa1,BorderColly
0d283fe0-035b-4556-937c-0bcc118bf42d,BorderTerrier
11aa1d46-1267-49ec-b002-308e5936ba6e,BorderTerrier
62fab672-47e9-4712-9e79-451befc137a5,Bordercollie
07a2c80a-d2ae-42d8-9c2c-844c12918cd5,Bordercollie
757ea116-e418-416a-9380-04ac4f312871,Bordercollie
4fbbf518-6317-4178-886d-1176026894fe,Bordercollie
d91379ee-9c66-499e-b596-01f2e4d7ef21,Bordercollie
77dfe176-74bd-471e-968c-ab298bdfe0d2,Bordercollie
f44d1a1c-0de5-47e1-a17b-5b36e63ea192,Bordercollie
2c6524e1-2e9d-4054-8856-7376035e117c,Bordercollie
7198e35a-9b50-4a26-bdb7-47998e4ca222,BordercollieAussie
839f135a-23cf-44f7-804c-56c0bc761653,Bordercolliebluehealer
fc2caae0-2fe3-4256-80bf-123e2b949d02,Bordercolliecross
33ec2144-f67e-4680-a371-e76d08a565bc,Bordercolliecrossbreed
8f213881-320c-4649-b790-689368626844,Bordercolliemix
21461bc2-8fcd-409b-a912-40978a5dc1a1,Bordercolliepap
af01d066-60d4-42fa-8d4a-5439f283e7d2,Bordercollue
d43d5070-2998-4f32-997c-b3756f7c72dc,Borderterrier
bcec2162-d4a2-4962-89ae-ac2605d99ec1,Borderterrier
d5f3fd66-e03c-43f0-ba2a-be271c913df0,Borderterriermix
b2b082de-6074-4f02-90b1-81d112bbb037,BostonTerrierPittsburghMix
d9f97884-ea0d-43cd-a78f-cad7efd75490,Bostonterrier
d2a3b0c4-f778-43cc-8d3e-c5e8caaee4c7,Bostonterrier
2148f8c8-83a1-4e2d-84d0-1d172cba496b,Boxer
5b723c15-7fbd-43d1-998d-71e0ce67a0ca,Boxer
eb69c473-15eb-4da8-bdd6-79e6d811521b,Boxer
5847e59d-a11a-4dbc-8a42-5a0652b18c63,Boxer
6bd8201c-77dc-4210-8dfc-7d380fc7b0b4,Boxer
292fd429-17e9-4981-a2d2-13fbe7f35913,Boxer
8bfdd47a-c34f-4409-b095-d8b0fdd7ec4c,Boxer
9d63f4c7-1313-4217-96f9-cb1d28df4840,Boxer
23716a31-725e-47f7-bb95-ab240338f6f6,Boxer
66e3d32d-7bf8-4647-9308-e6cab8545cde,Boxer
eaf1d850-e96c-4a2b-bdce-b443b9824481,Boxer
88f7f9da-6718-4ae6-9898-5954d41f3ef5,Boxer
82fed0cd-a029-4138-b018-224c647e017f,BoxerBoerboel
0621c5e0-3275-4c3c-99b0-c7fe9b40d87d,BoxerDachshund
35e95ae4-a86b-44ab-b061-61b4838790b7,BoxerLab
92868d58-b263-4b6b-a289-0b6a497e902d,BoxerStaffordshireBullTerrierCrossbreed
88de3e21-efeb-4a12-bac8-00dbcdc6741f,Boxermix
d1232ac3-462a-4cfd-a33b-139f406ebbf5,Boxermix
7d894dd7-49db-41a1-add2-fa3dd116d651,Boxermix
a8dabff3-56fe-4737-a2f6-a8ca009d5243,Breton
04acc452-fb04-4ca0-a471-15f33c045da2,Briard
00ab4db8-3e94-44e3-a4b1-9fe316c67b60,BritishBulldog
58a50805-2142-4258-afbe-709901509b6f,Brownmixedbreed
0306db0b-0e06-4343-ab9d-ea3ec4777d9a,BrusselsGriffon
8c57d7d2-bb86-4f18-812c-cf9cfccc7a02,BullTerrierstaffordshireTerrier
c5df2dbe-2f8d-48da-8313-2e7fdd5084b8,Bulldog
46af0354-7854-44d8-9ce7-2158501d983d,Bulldogmix
089d6f6f-361f-4b69-a9b8-756cabfbc80d,BurmesecrossSaintBernard
0ae01ce3-7920-425f-8ef7-f03c1679c09d,CairnTerra
d7d2226e-f16e-4d6a-aa5a-0efe9966c613,Cairnterrier
b703e8f1-39a2-4779-be78-cc56f85dd56e,CaneCorsomix
e9575d6d-ac78-42c1-9e04-ae79802cbe8b,Canecorso
93451b30-f25e-4584-8b4b-5e3b33138b6a,Catahoula
f011f25d-2e69-4463-9e14-1ca694e48c13,CatahoulaleopardSiberianhusky
537ce398-940e-4958-a171-6ef70f60d14a,CatahulaLeopardhusky
d93e409f-2dbd-47f7-8847-2dec89403abf,Cattledog
20c5c7a8-c2ff-40c8-951f-3253978606d0,CattledogHuskyX
48f5a068-11cf-4974-8b11-a91f9938b8de,CaucasianShepherdNewfoundlandStBernardChinookOvcharkaX
1f22f603-f0b1-49c8-afb9-d2b38d45b4a8,Cavalier
63d42f29-7a00-47b7-8382-4e23ced89e9a,Cavalier King Charles Spaniel
7299568d-72b4-42b7-9478-cd158d5a7378,CavalierKingCharlesSpaniel
de0d1e5b-8374-4a0a-a5dc-d8ed47970323,CavalierKingCharlesSpaniel
4d64c669-8b0f-4557-b283-9471a5b5a504,CavalierKingCharlesSpaniel
8ae20b21-8640-4304-a054-4efcf181d495,CavalierKingCharlesSpaniel
72b8f97d-3149-48a4-819a-05ba5ad7952e,CavalierKingCharlesSpaniel
eec97287-d813-427b-a15c-24f81a2012d8,CavalierKingCharlesspaniel
24cef315-741a-461f-a7a7-74c4994250aa,Cavapoo
5c48470d-59e1-4070-8fb2-a1b6eb44dc41,Cavapoo
317bfafb-0f03-4f02-b7f7-04b1a0378a57,Cavapoo
6b269421-6a89-457f-85d4-083e4c631f5b,Cavapoo
c94ff7ec-cfa0-4c78-863e-35ad8a0368ee,Cavapoo
7bae3e69-c945-472d-b490-e274b8142b78,Cavapoo
47432381-510e-4b6c-b1ca-fbca5f80bca4,Cavapoo
1a8cddd4-d2cd-4683-83cc-b1d8266f967e,Cavapoo
eb3dd878-4098-441f-9886-02ebc74b8121,Cavapoo
998258f7-6c55-4db2-81a7-e75d230f5c59,Cavapoo
d10b05f3-04e3-42bc-872a-21f724d82ee2,Cavapoo
27393734-b5ed-42be-bb95-c5f2ce9a538e,Cavapoo
977b89aa-eb50-4573-ac08-776f59c5358d,Cavapoo
6540fcae-5f44-46e8-bef7-44ff6b2e2a3d,Cavapoo
e57d5080-40d7-48b7-ace1-c47bc53699b0,Cavapoo
3bd58973-8612-44c2-8a77-bd86171198b7,Cavapoochon
a637e0c9-75fc-490e-abe7-79944e7d0937,Cavapoochon
de3b9043-444a-4e00-ac34-99ba784fd6b6,Cavapoochon
34b59e97-aa42-4408-8817-2ca3c60b5a88,Cavapoochon
b2839b70-9bc1-4fa8-aa44-96ae7d2b5863,Cavashon
5fd1fb82-1ccc-46ba-886d-3264e87f8171,Caverpoo
f5f5f8c0-6c8e-444a-adbe-152f8ae06c08,Cavoodle
43dca485-a8a9-44e2-8be0-5ff027e963f1,Cavoodle
b404cf8c-aeea-475e-9ad6-e0f82d77c481,ChesapeakeBayandPoodle
2495a393-ffc7-470e-bba1-ed4562f354b3,Cheweenie
daeb66d4-eeae-4a3f-b3c9-8c3365234579,Chihuahua
b7ac0b5f-9c61-4417-9778-c491ca33d697,Chihuahua
c5e991d4-7866-4bf1-8477-25dcc33e044c,Chihuahua
569381d2-1079-4393-b9a5-1038dd98e2e0,Chihuahua
d01d12cc-89be-419e-8fb3-f398a923d31b,Chihuahua
61837026-3c6f-41ba-9526-3df758f2c803,Chihuahua
19678778-7f11-4fcf-af69-585a0ba0385c,Chihuahua
44345159-9a46-4b2f-a85e-dc82c1f20b9d,Chihuahua
cf5d9783-7dac-4aac-ab37-a7dfca7e499d,Chihuahua
529c4717-5280-4b0a-b745-3d7ce935eb3f,Chihuahua
0984e20a-3095-4628-9e2b-ff260257f09f,Chihuahua
3896523b-4519-44cf-9ff7-37df1a6e061b,Chihuahua
416b39a3-c9e1-4bd3-a876-cf09afd7a1fe,Chihuahua
36cdd3e8-0f49-478b-85eb-bbf1c865d0f3,Chihuahua
3e911291-e33e-4c39-b352-6e4e1fb13db1,Chihuahua
6e541cc7-61e0-445c-a5b2-c775311c0f89,Chihuahua
064bdc34-4618-4991-bcbb-5a08e9df2b29,Chihuahua
be70bb6a-e0d9-4de1-9d5d-703e672ac5d9,Chihuahua
f9da70e3-bfbc-4c3e-980b-bddfa3501d6f,Chihuahua
521cf12a-6e42-47dc-8409-062ae4e05a91,Chihuahua
918777fe-a228-4d3c-8b43-bed4a4ee1d00,Chihuahua
017f8cd0-b7e9-4d85-bf16-9c61deab63f6,Chihuahua
ccc603b2-2ded-42ce-b518-a672ef531ec5,Chihuahua
81db49a7-ae5e-4802-b56d-2a0b64e13a25,Chihuahua
9efe4604-b6c3-4fa2-95d8-79021d347f02,Chihuahua
7db0b10b-562f-4dda-8681-7a34f3babb87,Chihuahua
4df03c34-0f2c-4836-9157-0f274e39fd70,Chihuahua
3dd5f57b-fa1c-4347-b031-0b0b76fbb066,Chihuahua
4919fdca-c35f-4ce4-8787-50bb3c4532bf,Chihuahua
54c65933-a880-49d6-822b-0b34f41f0e95,Chihuahua
fa3ac4d0-eeb9-4480-8862-49f0de5a8dfd,Chihuahua
54c16274-1876-4f11-a11b-19a07d559ce8,Chihuahua
64e12021-dd4c-4518-8570-a4e870b2f55a,Chihuahua
8cff4da1-45eb-4b7e-8944-10db91b1ce0d,ChihuahuaMalteseMix
7ef2669e-9e83-4f40-8bd4-47a4334462f3,ChihuahuaMix
bc5b5d67-8f95-4595-9d88-45c3c4dcdc8c,ChihuahuaMix
98a18e12-c656-452b-bf3f-79550fb0ec9f,ChihuahuaShitzuMix
bae0f996-6e98-4934-945e-3fdd4c4c389c,ChihuahuaSomethingElse
5479f6f7-8c40-4afc-96eb-09feddeb2f33,ChihuahuaTerrierMix
89396197-7f4e-4253-a211-a82a54895982,ChihuahuaandPinscher
e4e6bc65-dc41-47e5-8378-be8dfcd277dd,Chihuahuacross
fe54944f-6e15-455b-9f40-141e3501aedd,Chihuahuacrossedwithchinesecrest
3d4f1492-078e-46b3-921d-43529c52e34f,Chihuahuamix
f11706aa-361d-49e8-b532-f6d1bc231864,Chihuahuamix
165b9af1-c959-49f3-90a9-bb7ccb1c5383,Chihuahuamix
e6b3bf89-bdf4-4c9a-be5c-022bf2715396,Chihuahuamix
21538930-420d-4495-b336-f89946fe37bc,Chihuahuamix
b201842c-5285-4307-9475-69dda584beab,Chihuahuamix
2b2f1c87-d9f6-4fb0-a72e-975f593dc3c6,Chihuahuamix
bf58b836-e3e7-4ba6-bbf7-53e6842b0d02,Chihuahuha
268d50e0-c987-4513-a959-c1583ad88d7f,ChineseChongqing
c0b1b024-ec87-4a0d-8112-29f8484e0f41,Chitpit
a238ac55-4482-4798-99d9-444c937ffedf,Chiweenie
b89313a9-0fb0-474e-9b69-795b0767c5d8,Chiweenie
7ffaff0d-8b70-499e-bc39-0f001a068d90,Chiweenie
2989478b-49d3-4987-aa2c-32459677bf85,Chiweenie
fedfc040-a010-4379-bc98-111a3f52dec6,Chiweenie
cb73ad2c-5541-44bb-9f83-101037606811,ChocolatePatterdale
caedac30-5692-4ff1-9e21-4cc7143911d1,Chocolatelab
87904f4f-b819-4f15-a2b4-ac557181eb20,Chocolatelab
6aad5d2d-20ba-4a7e-aff0-d36f3b0fca1a,Chocolatelab
ed6977aa-bdf2-4816-9a55-5c2d665bdb70,ChowChow
31c5d2db-d329-4ed6-900f-d82342700f4e,Chowchow
515d556a-6761-470b-a19e-ae100cd2915d,Chowchow
270ad281-60b1-4179-a19e-d71805727ebf,Chug
595a1fbd-7234-41a6-b2ac-6fb12fcff5e1,Cocapoo
e339b348-54d5-474b-80b0-3beb3dfdd909,Cockapoo
4b644241-cd0c-431a-b5f2-3795bc61f921,Cockapoo
237ae875-bb85-4493-81c9-01b1b7e1cd62,Cockapoo
5603be4f-bd4d-4352-83f4-0ea609adfa65,Cockapoo
35872aab-dc47-4b08-8525-a400ebc6a473,Cockapoo
1141abb8-3711-4282-8951-5357baa97d00,Cockapoo
52cd5ac1-03d8-4d12-9d40-74ebd1ba8f58,Cockapoo
f700eda9-c437-40c4-94ce-7390d9f50297,Cockapoo
4681fc9a-2ae7-483b-b5dd-357c7c9f7000,Cockapoo
decf01bb-8b01-4c4e-b070-3dfd4a4ab57c,Cockapoo
4a9bbd81-15eb-40ce-ac83-c29887a4c3a2,Cockapoo
023baa67-1e07-424e-8400-3e7b1c3bf24b,Cockapoo
e812f858-10e5-4f6e-89be-5db4811d07c0,Cockapoo
d6a64dd5-b73c-4b0b-9d12-fdc726516171,Cockapoo
e1729be1-b7b8-4452-a3fe-4c87adb6b82f,Cockapoo
b9899e3e-6af9-4967-8cf6-1a97602243ef,Cockapoo
3f31eeec-493f-447f-9a60-2612f0077e11,Cockapoo
9065a530-d5d5-408d-b820-4619a1c91384,Cockapoo
c3f0ec11-7af9-4e23-9c01-1825b24f79ab,Cockapoo
975985b8-e76e-44e0-a29c-264a31f11c1c,Cockapoo
eb68c3c4-bd33-471f-8881-8572716ebe7b,Cockapoo
7d9d7a37-49b8-4da0-8f8d-6a2cbb3b9462,Cockapoo
a22c600c-cc24-4ca4-a11b-a6bc0c15781d,Cockapoo
23c3dfb1-4704-4cea-8d3b-8e923d222539,Cockapoo
18387784-6470-43fc-9868-4627a5140f0c,Cockapoo
3ff02ec2-7777-40fe-9cfa-2d1b89403a5f,Cockapoo
54b3d2fb-6fb7-4067-9a0c-8959e46c2d72,Cockapoo
56c565a4-9f86-4f55-8216-311f63c12ca4,Cockapoo
3ca5d3cc-a948-4535-bff6-50938629261b,Cockapug
52917c0c-cf24-4b3e-8e64-1d8003a862c6,CockerSpaniel
e4323deb-3c17-4172-9abc-05d495541fa5,CockerSpaniel
63d29767-85d7-45fe-a4ba-e91965cc08a0,CockerSpaniel
0155cce1-1fcf-4b7d-adf3-2a7f5bf48040,CockerSpaniel
23e591c3-7535-4172-907b-a2790c6166b2,CockerSpaniel
c5a852f9-dba9-4a00-a901-d2ef9cf87da5,CockerSpaniel
98c66392-edf5-485d-b280-b30e374f7b9a,CockerSpaniel
459af77d-bcd6-4314-8bf0-c7b3228cb229,CockerSpaniel
717dcb55-2e01-46a4-9606-e5b25caee593,CockerSpaniel
ad11d49f-ed32-47a3-9921-5858e49282ec,CockerSpaniel
d8529d2f-6973-454e-8ae1-5c667a617941,CockerSpaniel
b3567137-a913-4f85-b1bd-6f7164a62ba7,Cockerpoo
3f041198-2570-46a4-bb5f-99ed8556ac14,Cockerpoo
c371a88d-a63d-491a-b785-a6588165e132,Cockerpoo
dc675224-d694-4fca-9800-744862929caf,Cockerpoodle14poodle34cockerspaniel
d877e204-6c52-415d-8c57-39f6bbe6517c,Cockerspaniel
7db9b172-51ce-4036-ae5f-2b17f71abb45,Cockerspaniel
951a2db1-2b48-42a5-bdc5-1ed1f9ac53f8,Cockerspaniel
51476beb-ee55-4d31-9921-97fcbf994736,Cockerspaniel
89db49b0-30ac-49eb-9fe8-06aadd8eb016,Cockerspaniel
b5133935-a74f-4043-9b64-5ea51237e204,Cockerspaniel
c256e4f3-3586-40c6-9ca5-93178c71580a,Cockerspaniel
af8f2912-9ea2-4de3-9c3e-82a8de767a78,Cockerspaniel
1dd4b443-ab14-4863-ab4b-0cd3c46f00e8,Cockerspaniel
ec5d7169-be94-4a50-8be6-d524e780c0ac,Cockerspaniel
17dff0ee-e12f-466f-9b8f-50d33c6d7fdc,Cockerspaniel
0700ff19-46be-4ba8-9462-5638c83c8783,Cockerspaniel
aaf20a5a-c8f2-4c8a-b478-384b99559124,Cockerspaniel
a83c0365-1800-49e5-8825-cc547a6418d7,Cockerspaniel
7a6b11ff-ace3-454c-b7d9-d0c1fd3d0c13,Cockerspaniel
f22a67b4-e0b4-4a16-bbd3-f4536219e51f,Cockerspaniel
ff701a00-bb5b-414b-b2bc-7bb625257435,Cockerspaniels
7ec94687-c6b3-4c17-a53c-cc1711c80314,Collie
4b0fc1c3-17db-483b-a7ef-0cf44460f036,Collie
3339d131-8abd-4ba8-87be-de391d3d2627,Collie
1fa224c1-2fd6-47ae-a3d9-fca29d0bdbde,CollieMix
d5a5d23f-de0e-484d-8230-85dc1f09245f,Colliecross
e016d876-5168-4e8c-a0aa-ed92590f015d,Colliecross
c100f6b2-71a4-48b6-94fb-89be8b773e99,Colliecrossgreyhound
4b78f732-2b1e-48be-8ac2-01b49669207b,Colliecrosslabradoodle
7cdbdd0b-32c8-4ac8-a8cc-950cf0d335bd,Colliemix
d352ebb9-a925-4062-afb8-95e88ff636c3,Corgi
fed5e6b3-aa0c-4576-8478-652b04dd1cc1,Corgi
dd7cc069-7849-4ac9-8fac-d78e9a11b31b,Corgi
3c48ea81-a136-447f-8014-ab02f4e228c9,CotondeTulear
49103dcc-e1ed-477a-99be-ca5df6a14c09,Croiseberger
bd17b8b7-1213-4df8-bf1d-b1d62cd44243,CrossPatterdaleTerrierxWhippetxCockapoo
3399b2a5-8927-4251-ad66-c0f269c414c2,Crossbread
8894f848-097a-483a-a3a1-16bf5974f8b4,Crossgermanshepherd
e2ab7867-bf4e-4ef8-abc2-4f110300a00c,DachaundJackRussellchihuahua
94aee659-47a2-48a4-b297-254363ec79ed,Dachshund
272e8b61-3960-4f86-b6e7-fe03372f601e,Dachshund
add2271e-c711-45e3-b4b1-d900fd6d602a,Dachshund
6b9d95d4-43ac-44b2-a6fd-b52d8bd48040,Dachshund
56a0f9a9-3cb9-4d26-a9b6-d9ac5cf1c71d,Dachshund
acb95695-ab49-4802-9fe5-2729800bd079,Dachshund
eddf762c-60a5-42c9-9a22-b4db5c0f1460,Dachshund
31b37971-e87b-4e0f-ab32-48de40f356d6,Dachshund
2c2833be-6f2f-4306-bb99-ac3fa0ce3795,Dachshund
2cc4b856-1730-4cb5-b171-2503b1473e6f,Dachshund
faa5ccf6-2702-483d-8b5b-6247d27a4abc,Dachshund
ac45a2b6-5a24-47ec-b015-4deb20b71e80,Dachshundcross
163dd0e6-0dfa-4a7a-8856-4fa4f42d96b3,DachshundjackRussell
12a6926f-d6c3-4654-9a02-550fbe277848,Dachsund
c7146a12-e3e5-49db-bb8a-7e76ddf1ea2e,Dachsundcross
50221f9f-14d3-461a-a9bf-ed03ec2ecb11,Dalmatian
e747e2f4-53b4-4bfc-a44b-815abf0cea13,Dalmatian
3b39eafb-aea1-4fcd-991c-c4c75fbe3ae4,Dalmatian
7173d847-33d3-49cc-a71d-1ffc12243e6a,Dalmatian
96d8e3f9-c31d-4839-868d-59e62c31cc7b,Dalmation
753db105-c228-476b-87b4-8bdf22be1b22,DaschundPoodle
0c08a0ce-c99c-4e5d-84e1-58f7be37feb2,Dashchundcross
46df386e-3b53-4d3c-ad30-99f62b838f19,Dashund
87024bdf-6377-48f2-807b-14b78ccbe608,Dauchiund
851a5102-1859-4b6c-b117-ceb3f87b8ef8,Davshund
4a3f59a2-c79a-4103-a8a0-8851acaad52c,Doberman
829cfdc7-3e75-44b2-b8f1-0d9823a1d0ae,Doberman
63ec1843-b999-486b-a141-740bdf0e84b2,Doberman
c985f8c7-e607-4b75-8a23-8734035bb346,Doberman
e843c4e2-e065-4a41-9660-41a16d0328c9,Dontknow
cf7638a6-d9d5-434f-b4bb-8fb00b2f4c2b,Doodle
f6e5a61d-c5a2-49ef-97b3-5bf79459b560,Doodle
1dc9de4d-809d-4b18-921a-2404169b8244,DutchShepherd
11841d5a-d309-4157-9ce4-6aafc133a425,Dutchshepherd
6c14fed6-ebbd-4eb2-b425-edf9dcc0dc86,EasternEuropeanvillagedog
695541cc-87f0-499b-a562-f9c9daa9b2f6,EnglishBulldog
05ea301c-49f9-4aca-ab25-7961d872729e,EnglishBulldog
33f59909-e65d-47cf-9979-9453f38a9d57,EnglishBulldog
4b2a47cd-a5e6-4ce6-b688-85d49b1a8f8e,EnglishBulldog
e1d6c98b-f0a0-4be3-a56c-a3cbdb097304,EnglishBulldog
a7ed5746-8939-4371-b2cc-5b2f0effb800,EnglishCreamGoldenRetriever
448048e7-7f68-4665-8661-70564634db1f,EnglishSetter
712f9feb-20f8-40da-9246-8321a522bca4,Englishbulldog
6a510f98-6797-4edc-9b64-e49899fc1ae2,Englishbulldog
b663343b-467a-498a-9df8-73ef1b9556fb,Englishbullterrier
b42b0495-7978-4605-aa03-25dda518c503,Englishcreamgoldenretriever
f69ea69a-09e3-47e1-94b4-c4612a885330,Englishsetter
cbbeab11-0a05-40d2-b3bd-9472bf1a84e3,Englishspringerspaniel
76d3f62a-0b02-41c4-b6cd-e19fce8a9683,Englishspringerspaniel
3726719b-943b-40e8-a75d-775986506a5c,FaronersBodegueroAndaluzmixed
8fcadc31-5645-4c0f-b8ac-7e2512406cb5,FinnoisdeLaonnieandBouvierBernois
1d20c9ac-752b-42ed-9ba4-11a42001d409,Foxhound
73bf8bfe-97a5-4680-a6b5-de666c4bdddc,Foxterrier
0062cada-a402-41bb-980e-6ae5e0672440,FrenchBulldog
fa8cc252-5a9a-4ba6-857e-cb4867802c36,FrenchBulldog
9e36d6c3-96df-41a9-9586-640e4e372de5,FrenchBulldog
60fd9521-6fe5-45b5-a695-ead78cbb1c49,FrenchBulldog
3ec78367-98a5-4384-9a17-52a5507db851,FrenchBulldog
4442ddfd-ba4b-4f40-8d94-915a88fcd96a,FrenchBulldog
b0641d67-3a0c-4227-80a0-1a4bad818a38,FrenchBulldog
3708f435-f66b-4a86-bd81-e91ef77d1dca,FrenchBulldog
a61b868a-8837-4fe1-96cb-20560f991f8f,FrenchPoodle
0b5210db-9b55-46ce-8067-f0f4c60b9af1,Frenchbulldog
7de9ab60-376e-4577-b767-60c304c6b3ce,Frenchbulldog
88be0527-3234-4453-a91d-6f91f5880c48,Frenchbulldog
9d040ff3-fb14-4fbb-a871-4930931fd4ec,Frenchbulldog
c14e0dff-b37a-40b4-9d09-6f5f6882f76b,Frenchbulldog
e939ec7e-5bcb-4c5b-b4d3-78d0e3ffc797,Frenchbulldog
7a1f4e9d-4bcb-4cf4-a29f-b40f383399a6,Frenchbulldog
1cd084b9-1c3d-4860-b629-ad1e6ea6f203,Frenchbulldog
c7cfb1e5-d241-4dde-a319-2369df1db64f,Frenchie
769b7673-3793-4336-a3d4-461ba033229e,Frenchieandbullymix
87d98653-9c41-45c1-b0a7-7ae448605870,GSD
f67494e1-74a6-46ab-8415-32e45ecea8dd,GermanShepard
eac0dad7-45a3-4f6d-b0c3-872e87988707,GermanShepard
2edc859f-b65a-4998-a3cb-403ac049d4eb,GermanShepherd
54e186a1-5c05-4627-9296-0ffba7368808,GermanShepherd
8408ecd5-8bdf-4ee2-abb3-a3be5dc623cc,GermanShepherd
0121a186-9c28-487e-a541-60fdeab21766,GermanShepherd
c06c6caf-88ec-4b58-8ab3-7e8427180fa5,GermanShepherd
608ce256-fa57-441c-8a10-82898e3ba8f0,GermanShepherd
1cfa2abb-230c-46aa-b379-216cf2d87fee,GermanShepherd
a7c77bc7-45fd-47a1-ac5a-6129e6e7b826,GermanShepherdHusky
eed2191e-7199-4c74-aaab-aad6764f75b5,GermanShepherdHusky
ddd5fd8b-ddd1-48f8-b9b5-166de545ae54,GermanShorthairedPointer
8cff006c-2362-45b9-b7f8-4ea239d8bba3,Germanhuntingterrierchihuahuacross
0a4c5688-f675-4bc1-9cf4-85aed3c6822f,Germanpointer
e1b3ab15-9b3f-441a-a20f-6742cc819419,Germanshepard
b9711a21-119b-44fe-aaa8-faf317d2560c,Germanshepard
abe8588e-ef29-47f6-8720-91d6ef2e8a11,Germanshepherd
0ed53a21-4b9e-4fac-82ec-cf91fab5f79c,Germanshepherd
65636a2c-6b48-44b0-ae72-39dbb2e52df0,Germanshepherd
5ba63114-3f11-4d58-beb2-f363c4fd0817,Germanshepherd
3f0c767a-c378-403a-94c9-d9963b5ffa85,Germanshepherd
c97d1386-8686-4a8c-8089-8761b0f5dccc,Germanshepherd
1747ddc7-82e8-4f54-9699-1bee70811f3b,Germanshepherd
3329673e-9105-4b1d-b432-b01d1b6f225c,Germanshepherd
689672dc-9ae3-41a1-96a6-7c60f83b23e2,Germanshepherd
fdfb0408-2be2-40f6-8125-2b8168ec3dfe,Germanshepherd
eea1e18f-1586-4dca-82f9-29cf8f10b140,Germanshepherd
083f5d75-8b5d-42b9-b170-6789af250a9d,Germanshepherd
5b347409-24b5-424e-a27a-3b1e180c4171,Germanshepherd
a60d1449-868f-4404-ba29-98fa5de365d0,Germanshepherd
2540e779-7d6b-4c3c-a124-eaabaaa65a2c,Germanshepherd
08b29bc1-97de-4ed0-862d-e57884674bec,Germanshepherd
a7093318-3d97-471e-9cbb-aa7e41da99eb,Germanshepherdhuskymix
6df0d156-456a-46e4-8bed-1b1c71fb7e4c,Germanshepherdmix
fae8e148-4e92-4f17-9796-5ddd390d541d,Germanshepherdmix
794fb2a7-3a34-4175-950b-771dbebf7cdc,GermanshepherdxSiberianhusky
a48f683c-3913-4b5e-9243-4cbe37a06312,Germansheppardmix
a0c52e37-80fe-43fa-939d-3646e4c903ca,GermanshorthairedpointerxHungarianvizsla
da2eff23-d5b9-45a9-9082-3d007574ed85,Germanshorthairpointer
77b9bfd0-5ffd-4f17-a595-666ac29e7724,Germanwirehairpointer
256196c7-0c8e-409d-a46f-4cb03e9fafba,GinnyGermanshepherdxkelpiePablomutt
253d1bfb-808f-4b87-91e8-a4f033b95b4b,Gokdendoodle
e4279b9d-8a2e-446d-b177-5784ca98f69f,Goldador
84c1062a-9163-4e4e-81d9-75c4b1545d60,Goldador
fb091590-92fb-490d-b499-b0e401d9e2ef,Golde
b351ec48-031a-4404-9aa9-60adff2ac0f7,GoldenDoodle
506cbcfd-c0d9-4781-8c43-c938ee1dbe20,GoldenDoodle
35edf48a-3815-438e-aeae-7bb5ea96472e,GoldenPyrenees
5f35eed6-ffb4-4928-ada1-99907dd6d76a,GoldenRetreiver
9e599d22-2613-486c-9393-8c9c4291e17b,GoldenRetriever
3b1e4347-4346-44e3-9876-34c2fc196abd,GoldenRetriever
15a4bfb8-fe80-4095-b01d-2c58f8a1e294,GoldenRetriever
0ecd83c0-7542-4cb3-8636-22a132751494,GoldenRetriever
92673b1a-0bf5-42a0-9f12-bd32247e6395,GoldenRetriever
e3cf918c-62af-4af1-baf5-a262ea9cae41,GoldenRetriever
1ea2470c-123a-4c5a-b7b8-784dc7a239c0,GoldenRetriever
9f74ab97-9e4b-48e5-adca-149b0be41c6a,GoldenRetriever
8d276e0c-e156-42af-a0d1-a878c9d9c2d6,GoldenRetriever
c9dc8631-a218-4a7f-8658-7048672020ed,GoldenRetriever
7395b95e-0c7c-45c6-9a73-5c4c72d4e9ac,GoldenRetriever
24901d90-079d-4e02-9179-dfa0390b6b7b,GoldenRetrieverEnglishPointermix
86bf4fe4-48de-4bd0-bfa6-146481a62e49,GoldenRetrieverXLabrador
42c75b92-ad7e-4da5-a367-581ee177dedd,GoldenRetrieverandGoldendoodle
24bc3ee1-4358-4a30-89e7-9ac1fc48924d,Goldendoodle
5866f01e-9d74-40d2-87a7-6845b104b0e8,Goldendoodle
5780cf06-4e3b-4595-bf43-096d6642ef61,Goldendoodle
f6ec54bb-bfd3-4273-969e-2068647b2690,Goldendoodle
286b836f-f876-440e-b4e7-17c90d59788c,Goldendoodle
ecba0f27-d896-47bc-b1c1-ed7073b36b48,Goldendoodle
019aa747-9061-41a1-bc4a-7dbf0755416d,Goldendoodle
cc6e4f86-41c8-46b3-8e70-53f7da848ae7,Goldendoodle
cd9a1d5d-09d8-40ce-b171-17cd07a3c177,Goldendoodle
89719521-dd55-49c6-befa-dfa46ff83506,Goldendoodle
4e6f21e2-89e7-4d9e-a9c5-1e4a8f23f60d,Goldenlabretrievermix
91b11058-e102-499b-a525-efdd9deb7fb7,Goldenretriever
50f7b690-1089-4aa4-aedd-0ddd2e05e207,Goldenretriever
0d42dc49-b0c5-47bd-8054-79ac63b2c389,Goldenretriever
737b7532-f550-4af0-9e4f-903d6cb3927b,Goldenretriever
8e565967-f784-49cd-94db-32ecb3b69c35,Goldenretriever
89b8b288-5a69-4b14-878f-378c942b0df4,Goldenretriever
9739b707-bc57-4fea-bbcc-1c6b53ecbb67,Goldenretriever
ed4c496a-63bf-48b2-b088-0d0223777edf,Goldenretriever
3cbe6276-6e28-4395-aa6e-246a5504169f,Goldenretriever
c8fc270c-babf-49ff-9288-431aa9c42026,Goldenretriever
85fbb278-1713-42ff-9c7f-b918c74b74e6,Goldenretriever
9473ccc3-c6b0-4a5e-85f4-52055c184568,Goldenretriever
3bb689a6-ceab-416c-a2e7-1767cbbfe952,Goldenretriever
ce06acd7-4153-4242-b6fb-81b86cd56f96,Goldenretriever
962f207c-6f4c-410c-b248-23063f4d279d,Goldenretriever
5b8036a8-25ac-4ed9-aed1-009ae4f73bbd,Goldenretriever
e9f6d27e-d492-4992-8088-ff0e6939f0c1,Goldenretriever
b1c1043a-1da5-4da1-a671-cef64c114ba4,Goldenretriever
b000a50d-e5a9-4293-a58c-af51b13177a6,GreatDane
4b9bbeb5-6fb0-4c82-8af1-fcffdf23847c,GreatDanemastif
60876670-e110-450c-8c8f-e0f5f9131008,GreatPyrenees
27df008d-b781-4109-bdf9-bbb459736d32,GreatPyrenees
b0e09ec6-05aa-4ae7-94d8-5ae8a58053fc,GreatPyreneesMix
21138677-8a2a-479d-b7ee-1acaffeca3c4,GreatPyreneesandAustralianShepard
ff11a47c-c8ee-4594-b06d-52fbb7304679,Greyhound
e4998af3-c06c-40d0-ba2f-6f38afbb0cf6,Greyhound
f579edee-1d9c-46a8-82a5-1d8e54caa24f,Greyhound
da4efa3c-6b8a-44fa-8bd0-4bf849cf3a48,Greyhound
7faa5277-892b-4053-b75a-b4a596458f4d,Groodle
b3a0966f-f13f-4245-ad4a-4710ac6ff17f,Gs
c7596ae8-d33d-46c7-a3e6-ac2aef15402b,HUSKY
883da20a-438a-4fa5-bd6f-b680ab7d973c,HalfGermanShepardandhalflabordoodle
693e891a-b1d1-4dbf-b537-74475b4d50ba,HalfGreekkokoniandhalfunknown
cbdcd367-6d10-4d7d-817f-e8fe0f533a56,HalfbreedRottweiler
773c55a4-20ee-4005-a1d6-f855b06446bf,Havachon
633058fe-434c-41d1-a993-66814ef9d446,Havanese
7833059f-8985-4317-a614-1918e153eb07,Havanese
d642f021-9c50-485f-9669-97ee8a9fe37c,Haveshire
886faa96-de4c-4d71-863a-50250a5fb0b0,HeelerChihuahua
8a979f47-bde3-4743-8d4a-a662ffa920e2,Hound
32f75387-d535-42d8-acb5-b1c7334384d4,Hound
77eb8911-1a36-485e-ac9d-dd03d4ac7567,Hound
9716fc5b-79ae-48a3-b5c3-f790bbb0eb80,HoundHusky
44ea852d-5f93-4223-b2bd-6867f12b9d08,HoundMix
ca4e2454-7f0d-4d05-b4df-cf4359040715,HuntawayXHeading
8d26c3c4-5ea8-4b21-b8c5-9074557cb781,Huskey1stdogandgoldenretrieverboxermix2nddog
ec51676f-cc0a-406a-aaf0-08888b0474f6,Husky
32b812e2-7d68-4389-a9f4-a017fe889def,Husky
0953e911-f56e-4f29-93e4-866fb8ce6479,Husky
4b928345-b7e7-4978-bb69-77978393f3ab,Husky
c677fbaf-5e5e-446a-9353-ddf72e4d98c6,Husky
5b07f0f2-c936-4b53-b9a8-50d442516384,Husky
60967a26-2ccc-46e0-ac9c-e6b8afec79c8,Husky
9f554fc9-5215-405c-ae38-be92a81b72cd,Husky
51a316d7-7c1d-4294-a005-700299670262,HuskyGermanShepherd
8fbd789f-7f97-49a1-a754-a4a80c1f9e94,HuskyXBroderCollieXKelpie
a0cd92a8-c3ee-4f10-9440-60585bad085f,Huskycross
b2c7f2d6-ee3e-49da-8cfa-a1b7ff241e9f,Huskymix
5b923cc1-3989-4901-90c7-23b193810fbc,Hybrid
51123935-0f20-41c1-8df4-5ca723a0ead3,Indi
ac0d4962-fcc1-495a-a941-02e8ed534ea8,IrishSetter
d219a58a-c0a8-476d-a339-4510314a76cc,Irishdoodle
0328c4c1-5987-4e73-b5ef-fb0195efee76,Irishwaterspaniel
a6fccdd1-eef1-4ed6-814c-4ce71d0937d7,Italianbloodhound
a5cd3878-61f6-4bc8-ad4c-1173755c21d5,Italiangreyhound
b7fa34c0-ae6c-47eb-bc61-d29f7c6fb4e0,JackChi
edbb2dff-3577-4f3e-b2e2-b16492567a27,JackParsonRussel
808c77da-efe9-4fb6-adc3-5af1f34cd134,JackRussel
b79e5087-f004-4df2-a29a-69fe06cc39d6,JackRussell
a660484f-89e3-437f-9c72-bc4b0dfc3850,JackRussell
2dbca713-1943-46da-a6d6-c9613eb9ca84,JackRussell
39ddfa8d-ea9c-4c55-a52b-77360370c89a,JackRussell
5b518bc0-5068-4fdd-9e5e-e40738307e60,JackRussell
7c1a2fa7-6f35-43f4-a101-ec3131c63f65,JackRussell
73b24141-cd75-471b-abf5-af19bcb22a96,JackRussell
bebabce4-75e4-49e5-a77e-63a616b48866,JackRussell
f28e319c-1f5a-45c1-b0c4-83561c04f9fc,JackRussell
5cd6361a-cae5-4450-8f08-90f9b8396cd9,JackRussell
6f62edd2-f4a6-49a8-8be0-bbc694069d22,JackRussellCross
d54b55ac-a6e4-45be-b918-8a20c72a9a0d,JackRussellTerrier
119beaed-542e-4251-be28-abc4ddc430ca,JackRussellTerriers
5fece7f7-14a9-41e4-a95e-fd09fb811e54,JackRussellcross
a0ccac4a-a100-4a12-b459-ff9f70cd075d,JackRussellpug
1cbb6c8c-dee6-4cfa-be51-87a01831b80d,JackRussellterrier
827c04c5-9a0e-4bff-b830-4613d2eebb59,JackRussellterrier
e1b709b4-1978-4e49-870b-b2558e67805c,JackRussellxChihuahua
8971978d-2e9b-4e9f-a459-e18296002992,JackRussellxpug
25df5dca-7e8f-472f-a7b4-e925162356cd,JackRusselxyorkie
12503ed3-be55-4044-ae71-23b52149f465,Jackapoo
fb05c4e1-ebee-472b-8608-363ee55a1bde,Jackapoo
2331506d-e4e2-484f-a8bc-c05c70e4646d,Jackrussel
4dde8ab2-ca49-4bdb-b124-6123ff269151,Jackrussell
12154bdf-0dfb-4ac3-856e-b6978d6f9329,JapaneseSpitz
ceadb506-ce2f-4297-b6ba-780bd16fff5d,Jug
5fec6e99-8e3d-4229-8201-e2dce3664f2c,Keeshond
5ed8d62f-f40f-496c-bb1a-926be5346c1f,Kelpiex
6c29c5c4-bf7b-4201-ba6a-130e656c003e,KingCharlesCavalier
e306d95c-3bcc-4ef4-af5e-ceee9f08fdf6,KingCharlesCavalier
cfb77e32-4b74-4ba8-9c61-f3676bf0acd3,KingCharlesCavalierSpaniel
7beeb1f6-2e4f-4d4e-ace4-e7db94a576f9,Kokonimix
8ebafb0f-e756-45bd-9449-3bd83ecca29e,Lab
f631e59c-0211-408c-9b70-c92728f46623,Lab
d7d37861-d923-448b-9b87-04269789178e,Lab
160cce3f-3f30-43fb-9b76-13a61bc8a944,Lab
8bfaebcb-6bf3-4b90-9bdc-f13b685e4394,LabHeelerMix
162bf965-129e-46dc-82a1-7192589f2445,LabPitbullmix
9724b29d-fea4-43e8-bd77-e4672226fcb7,Labernese
53b8806a-7a79-4cac-8c74-ce17634b4f5e,Labmix
9cc73004-016a-4c9e-8422-25d19e67149d,Labmix
79b806f0-0fed-40b9-9991-fe68a50c8cf1,Labmix
25874d4d-1360-457f-8ddf-7258cc3bf885,Labmixandunknownmix
80806da5-843b-4b2b-8b14-fb544869d3e1,Labpitmix
34592a1a-8418-4228-b6ef-d1a5421fb706,Labradoodle
1f1e1ada-4fbc-4696-8eb7-8ccde4d7c685,Labradoodle
89622a87-7dee-4b68-8d17-906eda9911a9,Labradoodle
8be9487f-3fca-40fe-b4ea-1b79f3ced846,Labradoodle
fcfbfebd-edee-4205-8ca5-76f92fad0985,Labradoodle
e22ebc5a-5e7b-4dfa-80af-ed67e21a4df1,Labradoodle
223f67b4-92ea-42a0-ad4b-5f46c9bd6792,Labrador
4f03a3f2-dd29-4634-830f-88b308bfb351,Labrador
5b1a5163-cdc5-4c35-9bc9-bbb427b7821f,Labrador
3f5b3554-1a75-4b91-8d3a-36920690b78b,Labrador
40a66516-028e-41e4-9e79-b8db2421e42b,Labrador
277a4ce9-4bd2-44f8-acde-3afb4734ab05,Labrador
3391110e-3f9d-4520-8816-6624906338a3,Labrador
e2db5c48-d1fa-47ac-8729-1a33a68523a1,Labrador
df5572fd-c450-4ea4-b9c9-5b55713dc931,Labrador
4d35ce96-67dd-4cfc-97a3-05627b10b35a,Labrador
cc8fb90d-3c4d-4eb2-b49e-3134a96a19ea,Labrador
a0acdd7f-bc30-4b91-953f-5bb74cef04b4,Labrador
19087e60-1a0e-4bca-a2d9-b1ad03691ab3,Labrador
b606c056-2be7-46a6-b5f7-9aeff523f1e9,Labrador
20b9a974-35b4-4584-a1ba-676f13be7c92,Labrador
683b374f-ccdb-4eb2-9c13-53e649fdedb4,Labrador
121f57cd-9f77-4d78-9068-3f5127858dff,Labrador
d8b70e5b-2b21-4994-9f1f-be0075608f13,Labrador
56615f08-8bef-4bf9-ba75-d415e5273113,Labrador
dd72c896-4360-46e4-bc2b-f424da65e8f1,Labrador
dc2f9579-f619-4322-8a43-e2204485a935,Labrador
433ea826-99f4-41db-9d67-6da014bb87df,Labrador
2a0c5dd7-368b-4409-b3be-75c2ff0ff425,Labrador
93186f0c-66c7-4c9e-9ecb-43d0a72c78de,Labrador
e86e8a82-709b-43db-846c-080ccd255533,Labrador
924dca47-b37c-444b-a3bc-3fd061fea006,Labrador
2275b31e-71cb-4f0c-bc96-5d68512c5a28,Labrador
69051add-780a-4d94-badc-5db73c898c08,Labrador
60d39f72-7d4e-42c7-b316-b6a7d5e35562,Labrador
3181da5d-5d72-4fb6-8a33-a4b04c4f5d70,Labrador
02bb0cf2-0727-4b9a-a6d6-cf813387fe64,Labrador
b03495e4-c88d-4154-93f4-addacde6de47,Labrador
bab3d69f-dad4-407c-97aa-88998ebc6627,Labrador
c1c836fd-080a-4827-b9ea-2cf475c3ae69,Labrador
73ce69bf-1392-400c-89a0-4e7affd7cbbf,Labrador
7dbb55bb-1500-4c21-95a3-6be8ca8d749e,Labrador
e5085eb3-8806-456b-88ac-a20c2f358a6f,Labrador
48ae4f6c-e0dd-4505-8117-d63713167e92,Labrador
08e0df91-60b8-4c26-aab0-6d6010aad7d4,Labrador
56f31144-7d4e-4db7-8fba-f4af89739c02,Labrador
46f2949c-705f-4c99-bc9c-f32876174c81,Labrador
6c22fc3d-25de-4ee5-9ce9-b1c43f0aa78f,Labrador7
f434ae6e-964a-4c6e-aec6-488399584c45,LabradorCollie
8dc768d8-f40e-4372-877c-c9003a27d1db,LabradorRetreiver
635fe928-d560-4277-a9fd-e69d97f931c5,LabradorRetriever
7f418b16-76d1-41fd-b0bd-3bf336a87fa3,LabradorRetriever
61642b32-7d20-469c-a102-2281656c9180,LabradorRetriever
38c2af2b-9362-4467-942c-6b678f0d5951,LabradorRetriever
9980a7f0-0bee-4399-accd-9d50cc0d6a7d,LabradorRetriever
c7e22cb9-9443-48f4-97a1-fcddfaebaf37,LabradorRetriever
0f554cfa-ec3a-41fb-b10c-b1eff03bf969,LabradorRetriever
bb1c9ee4-0a08-4d68-9ddd-b8f173281c94,LabradorRetrievermix
d29d9dc0-02c4-4f7d-8c22-757ec89831b3,LabradorXcollieXspringerXcorgi
b535294d-78ce-4693-8584-d21ee7a5b5e4,LabradorandMixed
6c8e2de8-b234-4dde-b47a-de04169c883d,Labradorcross
3473edb0-978b-4325-aa0d-0781547ea2b5,Labradorcross
d57a3973-248a-4ef0-8582-f5ad963f9cc8,Labradorretriever
9ca25c5a-8163-48a9-a109-d06bd08723d3,Labradorretriever
9e85d69e-7742-4adf-814d-1be5d5345929,Labradorretriever
6e87c69a-e828-4afa-8163-e10c4d0f6584,Labradorretriever
eced3648-89e8-4fe9-9296-970b3dee6458,Labradorretriever
461a4843-8e88-4eea-9a82-a2f000a7db46,Labradorretriever
f0345721-6ad7-48d7-9ed1-a8cca32249a8,Labradorretrieverbullterriermix
103f43db-a710-44f9-8a7f-5607cc571dd2,Labradorretriver
2925d92d-ee80-4889-948d-293a0564279d,Labradorxpoodle
ba4deb55-bac7-404d-a818-cf54508f3ce2,LabxSBT
3f0dc7fd-ae4b-41e4-8045-620a45fe9075,LagottoRomagnolocrossEnglishSetter
a6a081b1-be19-481a-951a-6b3761f63553,Lashon
8ca3c0e7-ff17-4c02-8b82-dde6657ce029,LhasaApso
bed0f71c-e476-4bd0-a9f5-722e1be62aa1,LhasaApso
8c72faaf-8b26-496c-8248-eea7511e4e47,Lhasaapso
d046314c-a4f3-4389-a34e-cf042993440f,Lhasaapsu
b70fb590-2a9f-4449-b98e-fd6080375e50,LongCoatChihuahua
c986fa19-38b1-4e46-8ec1-ff9dea7c2965,LonghairGermanShepherd
51a8bfe9-35a9-49ee-989c-07406e161bca,Lurcher
9602a94f-8cde-44d3-971e-a4067c0313b8,Lurcher
d042a04f-9f80-4888-a7c6-f06a972c7893,Lurcher
c7c17960-f6f9-43d9-8d23-f60a6c82bb44,Lurcher
649b4b97-a590-40b5-b252-ff71f231b16e,Lurcher
05a2defc-c34a-4834-ae46-3d13b7e72dca,Maltese
ff0cf2f8-7696-4086-b774-a1d83b21ca9a,Maltese
4caa79f5-1db2-4333-8f31-3b56ab12b703,Maltese
f1e8a57a-d8dc-486a-ab4b-1e1697efd357,Maltese
5e56ead4-72f4-4a23-a8ca-caa6be270aee,Maltese
70eb219e-6c0f-4f7f-aa7d-f4bf437b5c4a,Maltese
6a16c3bc-6081-48cf-a503-52c0a3cf70d4,Maltese
12442dfc-3032-4d4d-8744-f88632e61efa,Maltese
045b9daa-f5f1-4b72-aef3-662462e86928,Maltese
d9ec63ef-4825-483c-932a-e42d21ec855d,Maltese
c28d6906-161c-4f86-88ad-df1292c00c4b,MalteseBichonfrisecross
e2def069-6e31-4606-b8ae-bd4241c92266,MalteseLonghairchihuahua
0a083e0e-3fbc-4967-a90d-1e3828312a0e,MalteseMix
67994db3-b818-471f-9b14-59715736e0c9,MalteseYorkerTerrier
90f457c2-1f49-4930-abb7-95b73df58ffe,Malteseandbichonfrisemix
60a8036e-9c04-4191-b8c5-8b6456eb9646,Malteseandpodlemixed
806a2e67-43cf-43b8-8bcf-441fc3bdbd41,Malteseandyorkiemix
5df50194-07de-4e5b-8e6a-bd383fc88e88,Maltesegriffon
2c5ecb4e-a0aa-4f38-a212-1c5ea22bd0f4,Maltipoo
6ab9f701-e577-4150-9c53-615f048fb24e,Maltipoo
d87c8deb-e291-4a67-8183-f20b372c15eb,Maltipoo
0b940f58-b849-4305-8325-c4fe3af85d19,Maltipoo
27addb80-1c15-4c4b-a957-6cf3cd8cbd9f,Maltipoo
b1269069-3818-4ee1-af15-a3e9d1addaa9,Maltipoo
ce261509-516b-4937-841a-701f58986832,Meanec
ffbabb19-1d03-42ea-ae71-23c9febb37d2,Meanek
8c8cff68-66ae-4381-b3bc-457d5666ef46,Meticcii
98e52971-93ec-4af7-953c-9e04629eead3,MinPin
8cc4ded5-1504-4137-b769-b68cd9a7572e,MiniAustralianShepherd
35574318-54db-4211-a765-8c7963037e07,MiniBully
31270623-1bb7-441a-a030-f8bc81b95a5d,MiniMaltese
be3b4313-c3ae-4bbb-9c89-ba34f17e67b3,MiniPomeranian
304ab76a-40c3-4b90-b904-8a37466ac1bb,MiniSchnauzer
d94e3e90-b450-4afa-9e99-11a4b84abb7f,MiniSheepadoodle
0ec511ac-fa83-4d06-8965-d6fc5885de7a,MiniatureAmericanEskimo
6a09d463-2bed-4bb3-a0a1-11b55f0e2ecf,MiniatureAmericanShepherd
a79f2595-3297-4436-976a-f4f75493c6d2,MiniatureAustralianShepherd
bd428c27-7f61-443c-a917-3969290ae317,MiniatureDachshund
7dbda1b8-7293-414b-ac4b-86a7c490b6a3,MiniatureDachshund
50d902ec-d721-4027-b697-0f9c43bc6fed,MiniatureDachshund
a170092d-b28f-42df-8657-1a7243721938,MiniatureDaxon
4f9df08c-59ea-4b22-b6c9-e42eaae6bee3,MiniatureGoldendoodle
f9b107ba-329a-4f90-adfb-11599bc93948,MiniatureGoldendoodle
901d60d5-1727-4c1a-b6b5-34a0bb44fb62,MiniaturePoodle
cc2ab761-1cda-4334-982a-20d7785a4676,MiniaturePoodle
02783867-d280-4ebd-bd52-cf97fe7b50e9,MiniatureSchmauzer
d6d72a97-b077-4446-b8ec-3a88573ad88b,MiniatureSchnauzer
a27cebb5-28cf-4de4-85ac-21b7a0675d75,MiniatureSchnauzer
7690c356-bbce-4ed2-8e74-6ccebe6cf11f,Miniaturedachshunds
54cbfe99-a6d7-4066-932a-d6f237d4bdab,Miniaturedachshunds
c8fea4ce-0357-4d2b-a40d-274fab2a8cdb,MiniaturedachshundxChihuahuaxJackRussell
50b375b8-be41-41e2-ade5-2e435e8899eb,Miniaturelabradoodle
c80ed64b-f54b-40f1-ae91-994653a341e4,Miniaturelonghaireddachshund
e4139ff8-7db7-4f9f-8157-8140298ebde5,Miniaturepoodle
bdbb48f8-3702-4765-8c56-ae152bb9ab8d,Miniatureschnauzer
e6347ebe-81f0-4eaf-9bdd-e507fae4cf34,Miniaturesnchazuer
1e7b3c90-7839-4571-973f-d035a8dd1150,Minidachshund
beb0cdc4-b38b-441d-a5c8-31ed3d758eb5,Minilabradoodle
6d5d7588-1236-4f23-b924-48d5b07921e9,Minipin
710030a3-64dd-4dd8-80ae-39354c048b98,Minischnauzer
136e375b-d992-4618-a9a4-8364d2391ff7,Minischnauzer
cb262afb-516c-487d-9aa1-6056d2b4b9b1,MiserHuskybulldog
c11f449e-2dd8-435c-9331-2d2ae409ae23,Mix
df67370f-97a9-462e-b0d4-804a4e194759,Mix
e0553a69-3fca-42ce-8bbc-6ab784b7169c,Mix
6731af58-e6e3-4732-9e4c-3ebebf657c24,Mix
e1fad563-cbe1-4b3f-ae71-27bd3200be8d,Mix
7fdeb5e8-cf93-43b8-b436-2b503dd6c048,Mix
2545c72d-a1f9-4d8d-822d-79e3422afeea,Mix
03e2f691-7b5a-4923-bf5e-6b09d3f0e2e2,Mix
654c3d7d-6e2b-4083-b075-b29fdb693ca3,Mix
70c4d0e4-0656-4a3f-a6c8-80889586ab3f,Mix
fcb8c08f-8f64-4fb6-90ad-80e43ebc6b8f,Mix
bf94a3c3-0d3d-4774-af7a-d4bcd3034186,Mix
b45378e5-43c1-448d-b786-bb4e8c330406,MixBostonterrierjackRussel
a94bef2a-9bfe-4009-89ad-f328363c061b,Mixamstaff
b5a95942-1e6b-41ea-8373-a649859aa672,Mixbreeds
18537845-0f57-47e0-96d3-d95b39f157da,Mixed
a67cd797-3bb2-428b-9225-c62391f0817d,Mixed
ba5d57d7-6916-456a-8707-83c570a63394,Mixed
04c27cc7-d781-40e5-bc70-06ec6965fc46,Mixed
be9a1dee-d1ff-427e-860f-05decb3a7a29,Mixed
baaf82cd-6c4a-440a-a241-e56240829303,Mixed
f9262313-b800-4a6c-9927-0eb3074864c9,Mixed
9501f055-4ebe-4fdb-9846-e9148cdf161c,Mixed
9662392a-35c3-4bb1-9279-58110937c2cb,Mixed
fe7822e8-a18c-435d-8faa-6285921e172d,Mixed
9f9b6c4b-1262-4f90-b8ec-c843b89af43b,Mixed
18a6f8d0-174c-428e-be08-e3c1fd9b4afc,Mixed
3378a094-5df8-41f6-937e-bdfe82c724cc,Mixed
9465a63b-a6fd-4341-ab68-4882d00b03e7,Mixed
e9b7c0cf-e49d-4bdb-b6b4-7066b84ac040,Mixed
27ccedf7-26c3-416b-b061-fc541c8370ab,Mixed
ccca403b-ebeb-4783-9fba-e70b1d4bb8f7,Mixed
56501937-b685-4750-8ebf-fa1d6d9ba367,Mixed
1e92f1b1-e7cf-47af-bbfc-76fd56640c2c,Mixed
e8c52100-40fe-46d2-824d-9ea2089a1c5f,Mixed
a81ea281-ac3b-4c2a-81df-b4dfa374255a,Mixed
5310e820-419e-4266-9672-367f315791f1,Mixed
b2ab9cb8-b38f-4efe-b461-d5145412d346,Mixed
47de9719-d9e1-4676-9add-c0fede47e61e,Mixed
a8c721fd-a516-45ad-b231-999d7b4abe6f,Mixed
cfbe57e1-0087-4b0a-8912-d03959da360e,Mixed
9e84b48b-1247-41f2-a0d8-3e6363503b06,Mixed
ce7acd57-b8fd-46f8-a9a6-7ee0412f4d20,Mixed
bd717ccc-3f60-4467-ba6e-db57377ce019,Mixed
d044c3e9-5304-42d7-b94c-652cbb82a5dc,MixedRace
2613bb36-8845-4fa5-84ba-cfa1646a76a4,MixedSetter
2ecceed8-0c74-4781-9584-fb18b6cee445,Mixedblackwshepherdandtanmixed
f3cc13a1-8602-4733-a340-3a985133387b,MixedbordercollieandAmericanbulldog
8ffdd60f-39eb-4231-9e42-4025d248c494,Mixedbreed
9e0c4851-3344-46f4-929b-4b1a8aa5e7b4,Mixedbreeds
3dce5cec-e26a-4637-a8ca-5fa944882d2d,Mixedminiature
1106673b-0c49-44c4-9ccf-553335920551,MixedpittbillterrierandGermanshepard
03db8d84-a93b-4f16-87ed-9bebd605c18c,Mixedsetter
17662869-dcdc-451d-b0e0-84babe728909,Mixedspanielbretonandhound
1aadfd14-525f-40df-870e-fdcdea29881a,MixofChihuahuaandJackRussellTerrier
42794ece-e5b7-4f7e-92ca-7605b827ec55,Mixoffatleast3differentbreedsnotentirelysure
48f4d193-eab4-4b77-9bf2-6de56b3c3223,Mixofpoodleandgoldenretriever
bee912b2-537d-4784-859a-255d212b3455,Mixshepherd
82269b65-53eb-4784-9155-6d1accffe740,MjnatureDachshund
156b21b0-4340-405b-9e37-1815e94f0c00,Mongrel
0be5d617-c078-444b-9000-481053fddc3d,Mongrel
0ec69a09-3b55-45c9-bb10-e536e8da5ccb,Mongrel
6a92ab67-4f66-4ee2-a40d-3485948cff4d,Mongrel
a3104035-c9fb-4e93-8b69-f18e0ba5b426,Mongrel
4e89b50b-904d-4fb3-8320-69f8516e4f47,Morkie
bb035d5a-6293-49f7-a915-5b30cdfc1ee6,Morkie
038f0644-9561-4df0-9aa6-5a8a0964e063,Morkie
6761e1da-9d1e-4f8b-99d8-7e1e9ff87557,Morkie
580bf78d-0034-42ff-bd2b-e3c08a9d48f9,Mostlylabrador
c672c69d-81c8-4684-80ec-9f8934176548,Mutt
6ee1e06c-e33c-4bca-8fcc-03d1069f86b5,Mutt
e148fab3-c1aa-4338-9cc9-eb582ced0ef1,Mutt
22a635ce-db83-4109-9466-7dd2a00aa92e,Mutt
cf03bcb6-92ec-450e-ae1b-0228662a5884,Mutt
32ad3599-d369-421a-bef0-e8c945d0cde2,Mutt
0f5852e3-8597-4846-b694-d8cddd70a30a,MutthalfPomeranian
82d25d3a-d5c3-4bad-af6c-4d0d448e109c,Newfoundlander
890dfe5e-dff2-432c-93f8-321092b44e16,Notsure
96223e34-a317-4691-8666-fbeeb0d90292,NovaScotiaDuckTollingRetriever
270cf00a-687e-47d8-bb74-bf8bc52f3d58,NovaScotiaducktollingretriever
edfe7581-3d21-469c-abbf-71fb25159bc4,OldEnglishSheepdog
3f23b4ae-b865-4530-96a5-21f27ee896ae,OldTymeBulldog
01afd32f-cf58-4a55-baba-7086dc33f1b6,OldTymeBulldog
9cfe3749-3e71-4676-96b8-8ad79030bc1c,OldeEnglishBulldogge
77ce5295-1700-4a39-b98e-cb4539c1655c,OldeEnglishbulldog
cb57c3f9-f9a2-4d4d-aaee-39bab7c5c3a1,OldeTymeBulldog
c206c7d9-5fe4-4ec3-8ed6-54e5521546ae,Oldebulldog
71202095-d308-4fd4-b41c-4f50394d976d,Papillon
33629d55-3831-4941-ba96-4da522ab9e23,PapillonTerriermix
909192ab-9934-495f-87bc-3c8cce5eb8ec,Papillonx2andStaffiex
4ebcdd74-e464-4f43-a6da-60fb131cd439,ParsonRusselTerrier
f70a2658-6402-477d-85ca-a8d7094f34b7,ParsonRussellterrier
0c0b6a70-3f67-403a-a014-e758a5439a4e,ParsonsJackRussell
1bd5e98e-e33f-4e86-b6d3-ca5b056ea387,Partcorgi
63cefc4e-5388-43fb-8011-63ebc1fb1682,Patterdale
84278c95-8dcf-48c2-8e59-41831541579c,PatterdaleTerrier
812e0901-2a22-4adf-87c1-f1b8b550181f,Patterdalelakeland
34651747-ba54-43e6-9671-3009743db725,PatterdalexLakelandTerrier
028b0e0f-5418-439e-8147-11c621146a82,Pekingese
007b5e86-449d-4c03-96d2-f0ac1782c9b3,PembrokeWelshCorgi
d04ad2b4-ec29-4e9c-960d-d72907f1775b,PerEmbarkAmericanPitBullTerrier782AmericanBulldog143Supermutt75GermanShepherdandBoxer
2d7206b2-481f-433d-b853-72a326746d42,Pinsher
ecb117bb-157f-4b2e-99f2-6e47441e4334,PitBull
0b771241-fb45-4f6c-b415-5c70c66f4b77,PitBull
014f85a1-1c80-49aa-956e-7b92eacafd05,PitBullYorkieMaltese
28322a86-2523-44f9-bf07-87c768c2c4d5,PitBulllab
ea16942a-6baa-47aa-adb6-906efdc26aa8,PitMastiff
4211454b-b676-4835-afad-0243fbe6c623,Pitbull
e9dba5a9-8ef2-4b20-856c-01f8ce4e3acf,Pitbull
750cb3ac-e985-48fe-b8bc-6bb9b51d2c22,Pitbull
d45fe611-f43a-494e-846a-60137cd2e529,Pitbull
a6c4d7b5-08ff-4530-8b51-c1470cbe35ac,Pitbull
89f4d969-a207-4723-81f3-e406ada6b16a,Pitbull
6f7f2504-eb34-4e57-8a1e-c7bf0cafc7b7,Pitbull
288660a7-814a-4a56-8b5f-2f6daa2379e7,Pitbull
bbd796c3-d1cb-426d-8337-70cbee634d4a,Pitbull
509a29ff-1fcf-4d41-9c93-15815f9f068f,Pitbull
d5d533f5-92bb-4c18-b7bc-40892c927608,Pitbull
58f5c4ac-56d6-4de1-9581-105091237f09,Pitbull
f38d2337-b9da-4716-8a95-3a3d35e82165,Pitbull
bd746560-71cb-43ae-8a4f-68da8b70efb9,Pitbull
219ab714-b991-4d47-a1b9-d59d69d9fead,PitbullBullMastiff
7e97b1b3-ff09-45cd-a90e-ab7656fbe09a,PitbullGreatPyrenees
035f4009-39b3-4a2b-94f9-18d6027a1be0,PitbullTerrierMix
ab103ab5-3c54-4741-8e80-80c33ca384dc,Pitbullboxer
801d0066-995a-460b-a296-40e36c58ecb7,Pitbullmix
af9049ba-96e6-4186-85aa-5a51244a1a37,Pitbullmix
e234f589-1aeb-435d-a765-e49ebbe5a292,Pitbullmix
44833f04-7e94-4e7b-9549-4a0b19cd4f5f,Pitlabmix
5295cce4-77a7-4558-9bb3-c288ce2b6b40,Pitmix
c5e4fa17-27f6-48c0-b7b0-28289c622c71,Pitmix
4bc56439-70cd-4459-aa24-eff1d7ac7632,Pitmix
2b5a8f9f-61ff-4803-9c1f-d63388785753,Pitmix
dd6560d2-fbab-41d2-b03d-914e485fa632,Pocketbully
6370e046-34c4-4bce-93fe-af11ef1fca89,Podenco
12f16edd-81d6-4b99-bc2a-9fb1699a251d,PodencoAndaluz
ad169d14-d99a-4829-aabb-16323d40565e,PointerMix
54933942-a527-471e-b362-9f425865b337,Pomchi
051e8e4d-4616-47e5-b4f7-159ee262d1eb,Pomchi
03141111-9cb0-439f-8ef2-f090d6d9e88b,Pomcross
9c84c15f-608f-4448-8004-3891782ae08a,Pomerania
caa35143-3073-447d-bb2c-6fd80e14321e,Pomeranian
786df5fa-2f98-41bc-a707-a9505acd4d43,Pomeranian
eb4f3321-9cd0-4524-a912-ce8c8f49c031,Pomeranian
4e1b7f97-8205-4419-b123-abdd52ab1d26,Pomeranian
8ba5bbfe-0b60-49c6-860d-c8de75be78cf,Pomeranian
4302e040-4e92-4530-a28b-b94deea07df4,Pomeranian
22e240cc-6695-4a12-af95-60aec71b2f7c,Pomeranian
763404ac-138b-414a-a432-110a53617279,Pomeranian
020fc676-ebe5-40b8-a235-8d1db5d89a0f,Pomeranian
0e5d2228-4420-46ab-a6f4-48f11c45a912,Pomeranian
eeb2859c-4179-4039-bd13-277e4691ffdc,Pomeranian
3e02f9cf-91c1-47ff-a567-ea58ada4dee9,Pomeranian
eb9d7d9a-6292-4fda-a5fa-71cb60e43c47,Pomeranian
f035c668-6460-4a66-a21e-2e4c0f01683d,Pomeranian
16a955a1-e4c9-4aaf-97f6-e79d0e1bbb83,Pomeranian
e285e497-0e28-4424-9e5d-88b0e1075481,PomeranianSpitz
ce94a3da-bd29-421e-a5a5-dddd04b3a157,Pomeranianchihuahua
47fd129e-8318-446e-a0dd-7eef7949ea77,Pomsky
a06ad019-8dc8-4ccd-9ba3-da8e5a176566,Pomsky
160f4016-2b17-4125-8d36-68171e9b8374,Poochon
7f626cb4-cbe0-4966-b97e-dd886f377292,Poochon
f1b6b831-8e81-4683-914f-be397a830986,Poochon
535949ee-f28d-4a28-b81b-6a7bda16abc4,Poodle
33620ac6-2d65-4253-92d2-abe79171b283,Poodle
8f1ecf49-bfc1-44c6-915c-4d58971eb238,Poodle
02b1b7eb-2826-4ffc-8a52-7c0bc4548db8,Poodle
30bb8037-3bbd-4aa1-adf9-47a87518033e,Poodle
96665477-32e6-4a62-852b-5a998eb17e6a,Poodle
41bd978d-e9d3-4021-93cb-d2818a8bd1a8,Poodle
5a81761b-4506-47f1-a8b3-dd3944c2489e,Poodle
3f25e78a-6127-4840-b386-1fc7ac3e380a,Poodle
4b46138e-c249-4377-85f5-e1d5752a9d9d,Poodle
b6dc624b-8bb7-463a-8757-5009080be42c,PoodleBichonHavaneseetcmix
6b6c9900-c35d-43e2-aaec-60dc17b471fa,PoodleChihuahuaCockerspaniel
0a6a1018-509f-4264-afe8-db00b33ad7c1,PoodleMalteseShitzu
babbe61d-d424-45a6-8931-d2994708725f,Poodlecross
c4805158-773c-4ac3-a20b-d513d7e74bf2,PortugueseWaterDog
b9673ced-9089-4327-9102-bf0541186cb1,Portuguesewaterdog
e8db0a0b-0b7f-4cf5-aba1-8af65eb1e455,Prague ratter
ec05d3a0-8bd7-4e9d-aff1-a6109c15b9e0,Princess
c4bcf9d4-e464-4e4e-9e43-79507c3ebc92,ProbablyCorgisomethingelsebuthesarescuedogsowedontkowforsure
33172276-f71a-439d-95b4-71789912c920,Pug
482803e2-cc0a-4b67-9758-405b85faf7d3,Pug
6d1f0854-1cfa-4903-ba73-91c1b3af6931,Pug
aeef7ffa-e7d8-4208-b08e-88e2899bc86d,Pug
c610bfb6-e680-4695-aeef-a9fdab437a9f,Pug
e57001df-2ebb-4661-b37a-3d1ce224c15e,Pug
deb5af3b-811a-49c9-88a6-ab6c56e102b2,Pug
2a96b205-8001-4ea4-b43f-0a8b7f23c547,Pug
2a4d3772-283f-4b69-b589-c0dc3f7c39ff,Pug
51a8d009-580e-48fd-b21d-e7e54bdc138d,Pug
80c1e882-ad54-42af-b27f-05b07d29e819,Pug
b2781120-1a09-4e74-a486-e8a526b60391,Pug
7f48e3fa-2862-493b-84b6-9f3d3de62025,Pug
55f461ae-b1f7-4ce5-95a5-49b58c7128d4,Pug
03b70566-a0e4-4bb6-87aa-c405f9dbf77c,Pug
ff6b2ecb-ebfd-44bd-bbd3-aba2945d02b3,Pug
fa402b6e-87e3-45a3-9f11-95608c2171ff,Pug
346b136a-d039-4083-afeb-4d113d0477d0,Pugchihuahuamix
431192f9-827b-463c-b8d2-dbc4df9cb6e4,Puggle
25b0f744-ec1a-4e3a-be46-f1f79c0d074d,Pugmix
2d3bd313-56f3-48db-89e3-444a815bdc84,Pugmix
8f73d0a1-052f-48e4-ae81-2dd65a1a2257,PurebreedtuxedoGoldendoodle
f27fa394-7c08-45aa-b81b-1a62c601ffb0,Pyreneesbordercollie
03d608a9-e82d-49ef-bb06-95ad50492325,Rajapalayam
d2e741ea-40ac-4d2d-b694-08d65d0db379,RatTerrier
fec54cf0-1653-4b31-8c92-d175de96e366,RedLab
b9202f32-0d4d-4621-8722-9c4583893753,Redfoxlab
73eaf839-3db5-4921-9eaa-e994ba6bc101,Redheeler
cb01b9c1-9c6a-4890-8df0-1ee816facd68,Rescue
53c31141-0385-4923-b444-37fbac9a6369,Retriever
191817a2-65ab-4f8c-ba7d-40947d72370e,Retriever
cca7697b-635a-40c7-aa93-6802b2b4bdf5,Retrieverhound
248eaeb2-18ed-4ae4-a878-5d6a6af49cac,RhodesianRidgeback
cdcc0d0e-c086-4212-b847-f0e846f6161a,RomanianMioriticShepherdDogCross
4dc97ccf-f762-4c45-909d-cb4c5bdb25e4,Rottweiler
a9994b95-2111-43b8-8923-7b637cd9fe18,Rottweiler
e1d3001e-c588-4212-b02e-808bed817fe2,Rottweiler
e8a996f4-a6b4-43de-a204-1b70088de874,Rottweiler
3155ede4-8963-4ef0-8f8e-eeb26b9da5ce,Rottweiler
de4c9d55-c869-4b94-a59d-b5d25efdfc57,RottweilerSaintBernard
08b51414-a060-47d7-af7b-787ee1301e72,RottweilerandHuskymix
69ff7e56-0a3d-4a30-b064-4b0b0849b63a,Rottweilercross
be9c37d0-7741-49e0-a012-1ed3a141129e,Rottweilercross
a40762ac-b6ce-4639-825a-a16e25e85c8f,Rottweilerxpugxterrier
e185c5dc-4e47-46bb-9e74-1c9a038dafc2,Rotty
7ccb3544-6ce0-437d-93b2-059b03ce4465,Rotweiller
180ecc87-bc8b-4c14-a671-b0a9cbbff1c0,RoughCollie
4a96b131-1bf0-4fa2-bb24-86c37f984601,Roughcollie
25267377-937c-471f-b75a-2e20de6b3c64,RoughcollieblueheelormixSadieLabBorderCollieMixLexi
0e3d8915-6873-42d5-a08f-030c97452249,RussianToy
1aa9ab6f-5bb3-4171-a0e5-f15332f44072,Russiandachshund
3d75e2dc-5d32-4cda-bf98-d5c84817fe29,SPRINGERSPANIEL
543f15fd-00b5-46d1-ae81-c98b5ce298a6,Samoyed
c8129fb9-4ec6-43f4-9a43-1b61862c73bf,SausageDog
3c5b993c-e844-4b97-a4b2-d950a9fd4c75,Sausagedog
ec278f35-8d0c-4b95-a22e-a7f0e9f53ef8,Schnauzer
53303749-93ff-4948-955d-078dbc25ca91,Schnauzer
edd2da4e-676d-4a7e-a2d2-96d68e52d8f6,SchnauzerMini
60925e3b-afe8-4fbb-9221-0494c84ecd0d,Schnoodle
145759aa-5b75-4058-a8bd-0e1bbdde08ab,Schnoodle
849357eb-bc20-4603-8639-88232062047b,ScottishTerrier
b90be8cd-ff07-4405-be11-1292a6c484a0,ScottishTerrier
a9efd1b9-ae07-4620-b9be-e3584ceeb69b,Sharpei
c79e28ea-58bb-4fe5-8b92-276168f7ecf3,Sheepadoodle
e0e8d8c9-7267-4736-9587-1c4d3af25dd2,Sheepadoodle
709338b9-8b95-46d9-b4ac-890b6402be0f,ShepardAkita
ce9b25f1-3ce1-4f0c-9448-6a914862792f,ShepardCollie
2bad0a9a-f9b1-4f64-986f-f84f576abfd7,ShepherdtreeWalkerandhusky
364c3143-f8a3-4259-b119-0d74daba6c66,Shepsky
9c1c967c-cd5d-49df-8ea1-3264b3bc644b,Shepsky
e2367cbb-2e86-4349-affb-392f8823f457,ShiTzu
64d3290b-cd0c-45bc-afff-b9d40ed66ab9,Shiahtzu
e67b0d7b-7387-49dd-855c-ef8b8575db56,ShibaInu
347346e7-8de9-456f-a216-0a4abc3971f8,ShibaInu
850c5df7-42c2-47b9-802c-5adf3bfe9ccf,ShibaInu
52d67b41-6042-4d7b-8d57-da8e155d3121,ShibaInu
9cfa558f-6968-426e-9573-2e22e3a99ee3,ShibaInu
78ec5c1e-7d75-449b-a355-3fb693229de1,ShibaInu
76d11912-435d-4508-bc3c-e1f2671882d6,Shibainu
59b463ad-d64c-489a-b0d5-27647cc68e44,Shibainumix
a4df1f16-c3d0-4961-bdb3-c377871856ab,ShihTzu
a68b3e1f-12cd-4444-b70e-39b97898acc2,ShihTzu
9735df08-92d3-4ccb-8c62-24ae4417205d,ShihTzu
45cc1dd6-f232-4b1c-8397-4851b4c44042,ShihTzu
4c43c3ee-3b15-4770-9db2-6075e9eb9cf5,ShihTzu
3cf24461-29ca-49bd-a6a6-a81ef5594545,ShihTzu
23663ee0-b5a1-472b-9bf1-99c19f8b5b07,ShihTzu
c8d770d5-d3d7-472e-b4e8-9f88f00257d8,ShihTzu
df435533-c4e9-4ea3-8b58-0ece608fc48a,ShihTzu
279210b3-c317-41ea-97b9-62bcff8f2f87,ShihTzu
4d956a1c-6686-49f1-8f27-bdaf8ea1fa2c,ShihTzu
6e419a21-5a52-40c4-aae1-42bfbf3434d9,Shihtzu
8fdb89e8-8b0e-4389-8553-f6a757b10346,Shihtzu
d9e40005-6c00-4e06-8928-0b6c23997edb,Shihtzu
60020995-3ff6-4095-b33e-de8ecb4e3156,Shihtzu
625270e3-05a9-4a3e-a29d-ef488dd44c69,Shihtzu
9026e6b0-77ef-45db-8e3c-5c53b94de900,Shihtzu
74548f0e-99e0-457e-831f-7e150f5cae3f,Shihtzu
39290969-3c84-416a-9589-f451c7195976,Shihtzu
14dde1ed-4577-4e9c-bd85-13b8b8c9c8d6,ShihtzuPoodle
a4012e2f-6150-43db-ba05-595378310974,Shiipoo
bfc45dc7-deff-4ced-a8a8-84d319a17fab,Shitsumixbichon
296e6de7-10a1-4f8b-bf5a-1e6f8b594fad,Shitzhu
d5c4d361-3eff-4336-8782-1cebbbe2e343,Shitzu
6cc00b1f-d7fe-49da-9435-0bb0a51a60c2,Shitzu
c4aa330b-82f2-4b46-8d6e-b72662dc5307,Shitzu
324b5cf9-deb6-4761-89bc-6eb440105f56,Shorthairedchihuahua
2bfe9460-bf97-48e3-b258-4ac5233e3f55,SiberianHusky
7f6051bc-075a-420f-a538-526669cbefa3,SiberianHusky
2600710c-d776-4e5f-9964-fc4083b21cd3,SiberianHusky
4bf69062-bb64-4ed8-8040-908a83799598,SiberianHusky
bae22d8b-c5c2-4270-95f5-623b349749b6,SiberianHusky
7bdf0bb3-3c7e-421b-8264-51bb4b7f6195,SiberianHusky
0e04b248-1857-49c6-89da-43b6ea667b37,SiberianHusky
a9491514-ca56-4af1-8717-766fb29d2b1d,Siberianhusky
90e62ecc-3171-4fae-b22c-d97ed4a62411,Siberianhusky
b41378b7-f58d-49be-b868-8403c6ed76c1,SilkyTerrier
d519537a-6891-41c2-aa95-866b27e8618f,SilverLab
9334bed8-bbf2-47af-bdf9-1fb2313c2bfb,Smoothfoxterier
54279498-13eb-4742-956e-0c5eb9f79d6a,SoftCoatedWheatenTerrier
269601ad-565f-42d3-8633-aa5f5721ea17,Spaniel
ac133116-cd39-4f6c-9fd6-3028564bbfde,Spanielcross
8ade53b4-018f-4283-92d5-6a8ed3a5a95c,Spitz
56f18639-9491-46f1-9c0d-7eef3649fe9f,Spitz
517558fa-700f-4341-9c16-df77a667960a,Springador
50c784a3-815b-485d-ae30-982b51319878,Springador
24d621c6-764f-4a17-afcf-65897d3fb116,SpringerSpaniel
b0d190d5-5720-41c2-a175-978b54fe13f6,SpringerSpaniel
4cb67045-e14e-4320-b0f4-eb9e23069f6e,SpringerSpaniel
daf65a61-7e53-4079-9345-a97480f90553,Springerspaniel
f14f7092-eafa-4bb9-88fa-bbf98b0197aa,Springerspaniel
de83d45a-177a-414b-a527-55d7b391d426,Springerspaniel
5078046c-eaec-4b20-8dcc-9c71ff840112,Springerspaniel
71ed18ea-8aef-4f4d-b7da-bcb804c17eac,Sprocker
73711aa4-b5c2-4d89-a3a9-040554d05562,SprockerSpaniel
531c0b4a-42e8-4160-9617-f56cb87cc75b,SprockerSpaniel
0c9e7094-eefe-4d3e-ac99-0d08bf3b3806,SprockerSpaniel
8ba68bcb-9207-4c1f-95bf-3dc5137e4f77,SprockerSpaniel
bd4e5bda-cedc-4700-ae47-ac922e05335a,Sprokerspanielcockerandspringermix
f79abee9-1b3f-4c1b-9e00-e2fefe6400c2,Sproodle
44116c5f-c875-4121-8195-5e555e185d7f,Staffie
a77126a8-f4c7-4ee7-9b60-f9184a693aa7,Staffie
91d91395-d1d1-4a5a-9d3c-7704f36fb780,StaffordshireBullTerrier
2de2ca1e-ebe3-47fa-9745-ed39f6cce2fb,StaffordshireBullTerrier
d5b1b410-79f3-4291-b705-30c9c105dabb,StaffordshireBullTerrier
a7a63eb7-a4f7-4c6f-bfca-9a9807071e95,StaffordshireBullterrier
7963a530-3e11-4bfe-ad8d-554326fe921d,Staffordshirebullterrier
3b4c35c7-6008-4020-b517-5dbf886c6ed2,Staffordshirebullterrier
0f1a0a84-74e3-496a-b60a-0f263d338e1c,Staffordshirebullterrier
32b6fdac-2e40-47cd-9530-ec3b8db4161d,Stafforshireterrier
2850afad-8655-4f53-b8ec-3815603bac11,StaffsCross
2dd4f690-a4d1-4e3c-a158-bca1a05889eb,Staffy
edaac99c-604a-4b70-87e2-a031cb627eaf,Staffy
8413d54d-65c9-4eac-908c-50e130431f49,Staffycross
afa16c5f-8ffe-492e-955a-73f12be95e5b,Staffyfrenchy
4f8ad794-e7b6-4dfa-869c-5d04e2c6c332,StandardPoodle
9bea2daa-b5a9-41d7-ba22-0f2db67a8d8a,StandardPoodle
4465c22c-f540-4a3e-87f2-5ae5383699b9,StandardPoodle
827e8c2c-8455-433a-8f06-71849880e4ca,StandardPoodle
42e2d025-6296-4204-a47c-757c0936c864,Terrier
23aa587c-5810-41a0-ba7d-61a9fe4fd7b1,Terrier
c6c35773-1dea-4a97-92de-d92d21619fe2,Terrier
880320cc-4e31-424b-a5bc-75d34fd6f562,Terrier
0334d1b6-c547-45d7-8b36-b90befeafeb7,TerrierMix
9613c982-6c55-4475-8aec-c6ab830ce8e3,Terriermix
0072c0df-11b7-4ea9-8f41-d0a4d043c1c7,Terriermix
2a6cf26c-bb05-4620-8f61-bf15df6413ee,Terriermix
917c7f59-d156-46f3-b83f-043871ca6071,Terrierpoodlegriffonmix
79015203-986d-4bad-b809-d1ba947932d0,Tervuerenbernesemountaindog
82e690ad-b972-4a1d-90e2-efe750b2e73d,TibetanTerrier
8ae1072a-6ed4-4ea6-8332-ef13a435d648,Tibetanterrier
86fff4c9-3919-4da4-8df1-ea25a9b49523,ToyCavapoo
af7a57c4-22fa-4219-bbdf-263725e44c95,ToyPomeranian
05468985-0eb6-4493-8cad-970e51ca9128,Toypoodle
36ed6117-44c8-4c43-ab4b-8885a2cbc1ea,Toypoodle
11ef0c07-0751-4e39-a3bd-db7faab229dd,Toypoodle
0b940a03-a694-477e-ab81-d56fc14f9c82,Toypoodle
2caa4a37-d308-4b3e-b15d-8e921e272d05,Toypoodle
66425ea8-c082-4f89-b3e7-9d8b0f3fa50d,Toypoodlechihuahua
487ddcf1-c2f6-4bae-98b8-b224e6772fa9,Unknown
98e28b50-23ad-402b-acf2-4c04f516b65e,UnknownCrossbreed
5c21724b-4c57-4ce6-8830-9f95b55d98ec,UnknownrescueformerRomanianstreetdog
52497b9e-d0d4-4567-b8f2-3ceab27bb152,Unknowntome
2bd34070-5607-45cc-9e7a-cfbbe5e41623,VictorianBulldogCrossbreed
5d4c7893-3223-4888-9151-535f11e8e25b,Viszla
a84c2a01-6413-4055-87d2-dfdcfe4cc44e,Vizsla
5078b879-1e62-428d-a597-fe61de59aeb6,Vizsla
6f839b85-3478-4063-abf6-54398da1e139,Weimaraner
2fbf9c50-0d3e-443d-935e-d563fc2447e3,Weimaraner
83bd4a16-7033-49cf-914d-74baf4afdc21,Weimaraner
4ec62261-e7a6-432f-b25b-f9753db728ab,WelshColliemix
7091d67f-9f3f-42a1-af5a-ac2886997b0e,WelshCorgiPembroke
ea31df34-0f90-4c4c-9b74-f1d438f82132,WelshTerrierMix
587ea5df-03aa-4384-9ea1-801609785d88,Welshcorgipembroke
04054e5b-4202-4351-9085-5f328490e639,WestHighlandTerrier
e3088147-d545-46f0-89cf-7ebc352ffce2,WestHighlandWhiteTerrier
1c860ce3-0d62-4759-bbd1-003fe5f286e0,WestHighlandWhiteTerrier
9a2e512f-485d-4e6e-a854-fb3c46b0f511,WestHighlandwhiteterrier
9dc45628-58f6-40c9-8eae-a65aed44b396,WestSiberianLaika
bd3ae06a-3ab1-43aa-b03a-741d9c11201d,Westhighlandterrier
324933ce-a911-45b7-9dfd-e29939668917,Westhighlandterrier
a538ad1b-4c1d-41c5-8598-ea658edb42c9,Westie
1a9b1060-6f07-4a56-a4e1-1c8824fbafbf,Westie
48ef3c0f-c777-43fa-9622-3f6058617210,Westiepoo
7eeb9ec6-736c-485b-84f0-e4004bd21fa2,Whippet
2d0e8a29-5466-4e05-82ff-346bc446fe61,Whippet
597ef5db-c102-44a1-9821-021cfbc45a87,Whippet
99f8b9ea-ad51-497f-8d5b-d95f026389fe,Whippet
46873fb8-969a-460b-bf4c-becd89cfe379,Whippet
3d07dded-3237-4e91-a5d7-dada2136df2d,Whippet
e90362b8-25a7-4cd1-84f4-bf08a0dec416,Whippet
b09e038b-c7c8-4f1d-a74a-9b266ede57f3,Whippet
9cf2726f-a7ec-417e-b14e-73c7c862d586,WhippetGreyhound
aebf3ad5-b442-4a11-8fc2-17fa05f47de6,Whippetsmallenglishgreyhound
6cae128e-7acb-47b2-a46b-aa04747aad3d,WhiteHusky
83e1e62f-fc8a-4318-9460-c680ed513d1d,WhiteSwisssheperd
ce177ddc-09e1-4d63-9085-4d12e56634a8,WorkingCockerSpaniel
a543448e-5ff8-479d-8f98-e71497411c84,WorkingCockerSpaniel
e478d79a-500c-4c39-b0b1-bd3772fb53f0,WorkingCockerSpaniel
dcdcaa0e-5435-44c4-b9f8-17f914bab3bd,WorkingCockerSpaniel
31da21c5-0caa-4c71-a6f0-80498ad52ff1,WorkingCockerSpaniel
521ce98a-7ce5-40ac-b7ab-ff7059857076,WorkingEnglishSpringerSpaniel
0452d596-3bf1-41fa-a7df-60b5be8db69f,Workingcockerspaniel
420d4a44-3fa9-4c7e-8de8-a8c309832e9b,Workingcockerspaniel
b27200ce-2866-4a84-a930-5dd433327134,Workingcockerspaniel
18386705-e102-4da5-b9eb-3929e03513e7,XLbully
498da7ae-6417-4787-82c4-dd44de7e3561,Xbreed
09b179b4-73ac-403e-b136-7f9445a7b4b8,YellowLab
bd22592e-9294-4129-884d-ba39581e0944,Yorkie
016f8a55-7746-4586-9caa-f9cad729bc6e,Yorkie
62676c75-df8f-4ccb-a8de-6803f93cd69d,Yorkie
50709c98-1a45-4331-87a2-e08bfce3b0fe,Yorkiemix
869c775e-f804-4ea3-b5e3-c14bbb883876,Yorkiepoo
c963db6a-d584-4e7d-a91e-79493becbafe,Yorkiepoo
6e38ff64-7cb3-4bec-a0ef-4f51faa650c7,Yorkiepoo
96555a80-1904-4d46-8c8e-b67baf9ab8f3,Yorkshiereterrier
3a7b0fb4-f880-4d85-ada5-132649836bec,Yorkshire
776d5572-9bd2-42fc-96b6-0408a1a0ac3e,Yorkshire
a7da76b7-e254-490b-bf2b-47b63de8f277,YorkshireTerrier
63e082bf-6d40-4377-ae7e-cdf209b34bd3,YorkshireTerrier
3e35eb4c-de72-498c-a7f8-c7d02e0c5028,YorkshireTerrier
4f2f227c-efc8-40d9-a912-2d53541c38d1,YorkshireTerrier
5c401c14-0fcd-4879-9641-ee9167d1d05a,YorkshireTerrier
d0105797-0b04-4ac5-b7f0-fc2cabae4401,YorkshireTerrier
affff388-e85e-4a20-8598-3571d3120a29,YorkshireTerrier
0b3067ba-9e32-41ad-930e-a2197832345d,YorkshireTerrierShihTzu
c418fdc0-44dd-47ef-9b1e-1f903fb5d8d7,Yorkshireterrier
91c7be4e-3c73-425f-949c-90ff01bad59e,YorkshireterrierChihuahua
26d79286-6c7c-4992-9bdf-ec3e0a4df282,americanpitbullterrier
16bc51ae-f0f5-4fff-87a4-44234e7e922a,americanstaffordshire
64681f50-ba22-4a72-9f86-d6b57c8c02ec,americanstaffordshireterrier
d3ecf853-0b8c-4c77-9186-f32bb5e145f0,australianmountaindoodle
71edd402-315d-46e3-a2d6-8e428f45f82d,beagle
7646ea77-5b32-4902-935e-5448ceebf72a,beagle
e37bb559-b1f8-4e01-8a2b-57b56b99a706,boxerpit
4c925bf7-1106-45d3-a67a-a592cd93510a,chihuahua
7cd6a4ff-45d5-4f48-98c5-ffcd22286841,chow
bcf24c16-9ed3-4899-abe7-d04fb2cbe1a5,cockapoo
8a3b055e-b9ef-4ae3-9626-20f1e315ce5f,cockapoo
b6dcd3a0-34dc-453c-b2f5-0c4f448772bc,cockerspaniel
ac525e55-f588-4703-91ef-828ace297993,corgipitbullbordercolieboxermix
d9953fc0-c39b-46f3-8ee1-c41acd2faa8b,dachshund
59d218c2-2866-4892-bf85-395072905791,frenchbulldog
2f0e849d-b847-43a0-9056-f1abbb0befff,goldendoodle
81e6b45d-4e71-4146-8b9f-01edbfd5864a,herdingdog
2e4dc6d1-e563-4978-8be0-e8875480a4c5,husky
761fa53e-c6b2-42d8-bb52-f383253fe7be,labradoodle
3007287d-4f89-40bb-bcb0-e490b181318e,labradoodle
6af29009-7cbb-412f-b5f4-56ac92de8e9f,labrador
8832c582-3614-4a6c-8745-76d13192f47f,labrador12
25012f4a-d047-4b7a-bea0-c46e57e492ab,labradorretriever
72c10223-5d12-4d05-a14e-604c3866f412,malinois
44d4d395-66a9-4c24-b642-65a177fa9faf,maltese
ec76b4b0-8155-4b4a-afad-97ccfc71efd2,meÅ¡anec
145abafe-09f2-44ad-8110-c97fccda79d1,mix
61715ed5-aaf2-4704-befa-9be8933398a7,mix
845215b8-6902-44d1-a75e-656e50008dd0,mixbreedwithgermanpinscher
b5fd3ef7-e588-4b20-a0fd-c281c6d493be,mixedadopted
ff1e2182-eae5-4e77-b23e-c8c2ea8a904c,mixedbreed
4afd3cc5-be57-4497-8e71-c4516a6b15cb,mixedbreed
20323168-031a-4b0b-a3ac-989c147e7121,mutt
ebd2fa99-16ab-4257-b31f-af1bcd999f63,papillion
7cbd707f-7986-43e2-ae7f-220b8be4adb7,pitcattledog
37ad1c27-917d-47ef-9d2a-57d9c081ddf3,salchicha
04a0e9f5-7f95-4529-b111-a7085eeb0794,schnoodlePoodleandSchnauzermix
36f5b922-f91c-4e9c-9d16-385490dc4764,shihtzu
1bc9e4bc-b049-4102-bc51-f9afc80af6ec,unknownmix
f340098f-83ba-4940-a1a2-1f58a5cb6567,volpinoitaliano
4f5bcb33-2443-4900-bb1f-4e304b4e2d1c,yorkshire
2d1e248b-b695-4e32-92b8-67035b5e1823,
5a398e3b-d3d8-4f2b-9de8-ab2e9ad4099d,
3e4cbaa7-9379-45f9-9cbb-5696dd936f4d,
23f6babe-b94c-40a0-923a-96ff3085e4df,
b11eb4c2-b9e5-4f55-a55c-e3d939847df8,
e1e1f872-1d17-4128-b8a9-680a02209b4b,
3a13c5bd-6a57-4b24-a66b-e2d7c75bb2dA,
7439080d-52d8-447f-bf97-e96ae6896bb0,
4eb018e6-37fc-4287-93e1-519d105950a7,
64024aed-b197-4105-a9f2-2624ba734e57,
02ad7461-dffb-476e-a812-4f894be8920b,
abcc4d1e-3d02-48b8-afc4-59ab2aaf3873,
90b4f059-d7f8-42d7-8af1-ed561c008c08,
36e83f06-49a9-4c28-a70a-736cbfee9253,
879cc2a8-767f-413d-ad40-6cf90890258f,
10a59be1-1650-4736-a535-dd8e5563e16c,
9c634596-343c-445e-be63-ac8f32b01051,
0b2d82ba-2874-45e0-9e70-782edbcbec6A,
5fe6ad48-c123-478b-8fe2-59cb08f9d335,
d7bb64fc-d5ea-4df9-b768-a964c3db9815,
1880cc0f-8186-417e-a037-34bcef921106,
56e09a78-7a21-4aed-98b0-b9035d9393eA,
552e12e0-9c33-463a-b714-fc3543cd8f4a,
1c2274d7-87d8-432e-9022-b514af7aa483,
4b9da415-88d6-4f09-aa9a-b8cfdf258e72,
3a27498f-8d77-432c-923e-889ed23ffca4,
56e0ebfc-eeb5-436b-a671-4ca5c267f2fd,
c896406d-da18-455d-8b0a-a3c522108323,
ffc9c2d8-429e-4dff-8aa4-466da35d9d2B,
3eb961f0-5813-4980-ab56-55e2af69edaf,
0ae2e23b-f138-4671-97ad-e6fcff696feA,
3f016f9c-1434-4217-a2b5-2e1f2b3d6c2b,
0a96b1fb-5ab4-48f5-8d67-debd76937aaA,
9c49e47c-9432-404c-98bc-c4a7d6c3ebf5,
752d025e-6b72-44c0-954f-dab1078780a0,
af2055a2-ad65-43a9-9c6f-74b81d1dc3af,
bf565caf-2a09-4747-bbbf-2af840ca2294,
7028a90a-ba0e-4db2-8230-51ad1bf46021,
56323f45-41a6-46e8-8d1f-de33e44256df,
5b238f79-6406-4fad-b12f-ad3096815653,
791f1f66-710e-4f43-8b3c-eea0e4a68265,
f19dcefd-616b-49d6-9e3e-2f779e581fbd,
4f598530-6661-4784-aac9-d43ff6f6a16a,
e5e27bd8-9cd8-4251-853f-46072d4d59ee,
5a45914a-6cd1-4ffe-808d-6c5278dc84a9,
fd1d0358-8ca7-4512-9836-6296186b763c,
f8519a6d-ebaf-4faf-b5e8-a809f245842f,
b89d00e7-286d-4226-b51b-ad3003d61666,
3b51b1ed-322c-44ea-bc21-24faa69b1348,
1cf70eb5-eb6e-4817-b44c-d439bf9a32f2,
82b16d8a-a50a-43c8-8319-c49f1c74b9eC,
07c42739-3d1c-4140-a3a4-2fc33fb13b98,
8a42f378-5ca3-4129-9462-e696a766ea49,
b9c4ecbb-9d26-4ee8-a5fd-ac03f8f95481,
05443c12-0a47-4601-85ee-2f7d7e14da1b,
2a5176f2-8d04-4312-9f8b-9188844abb39,
e2cc4f4f-3445-45ef-85ee-4d4de3f3ce7a,
a96ad4cf-51f7-48b8-8d56-aff27afc42bc,
a90a4cde-3d63-4d35-adea-06bd85f66b4A,
c5690085-4fdf-4dc5-ac46-37d59b0a8f68,
3421ed7c-06a8-4e32-a209-1236b3b4e43A,
8168d34f-ad67-46c6-b490-007976c67afb,
6f67cd73-7c09-412e-920f-caaeac4b4394,
3d5370ec-a4a0-4491-901e-f7d1c4fc660b,
b5480a5d-e929-4f74-9a0d-e14514bfd02A,
384b3908-949a-4a77-8f47-04693dba9d3e,
ce5f6bd6-4cce-4d5e-9d8d-dbad7ff5b48e,
4709090c-2a66-4218-b5bb-4e5a2f3d0dc4,
a5e0fcd5-4709-435a-914a-7c78f9a811db,
82a9f661-eaaa-4512-b91d-7572f2e68cb8,
ffe3b339-9ed3-4005-8106-5563b2cd7fcf,
1b8351cd-14cc-428f-9c04-33018d44c28a,
9b76415a-566c-4476-9722-e2381b724e89,
c4231883-64fc-43fe-8bb6-013303fdc2f3,
5ec3815d-08ce-4224-b89c-175e54d05338,
36f12174-997f-45fb-9e15-ca26fa6a87c3,
3daf0219-d6eb-41d6-ac92-bb6511a291f3,
a06d8d1e-7060-4f9c-b9eb-a6f9f4fedf72,
32030c5f-88f5-449e-8de4-32d8298fdf1d,
f8d829d5-8a5d-4ff4-a8f8-d519c37075ce,
7388206d-03f4-46e4-9465-1d033df4c10b,
9d214e1d-5dba-4afe-a160-83931cb25868,
08707d31-d275-4c10-aa3e-0a70cf448bbb,
3290a669-f4d4-4ebe-9039-210c18ded8db,
39d61a84-2878-42d6-afbd-7f3650a80a70,
77de81fd-b3da-4f17-b455-d44e46764e38,
3cc47944-517f-4573-9fdb-164b81c0e581,
d01e8236-9e3e-40e2-ba62-726b1680bc4a,
1985e9b0-d386-4cd3-ac64-4fc0621dd795,
8e2651da-51b2-4bb2-ab4e-05f9d9fd8b67,
4396ecb6-0643-4d78-86f9-b89f4b7dbb6f,
ad6727ce-b0ed-4ffc-b44d-7f30f1261686,
5388a6cd-28e9-4acb-921c-cf82c5149dec,
5e4b57c6-21ad-425c-8b18-6ceb2f6e3d98,
3a32a1fb-1a76-40a5-8c1a-a6d350eececf,
618d77e0-4905-4df6-98c6-6c54c9414ec8,
e7f2e9a8-cd7e-48fc-a21a-95bf10da3e5e,
1d070a54-263b-41d9-997e-f7db21085e0d,
56ed5139-e732-417a-be0f-af1bd88461e2,
3ec75d7d-de3e-47b3-a988-af8d646b861a,
890d6473-99ba-4a7c-808c-ef49f005ed59,
e7dbe774-7911-40cc-99cc-781d2aa28d80,
0df9d8d2-dbfb-4448-934c-30e241c45f9A,
2756b8f6-cbc5-4a27-ac96-d32e6b4759ee,
e25b07af-c083-4a8f-a730-2fa62a0ce01e,
384f232f-3242-4c4e-95c8-6260f94db723,
13dc65c6-19b9-4365-b022-4379fd11c8ca,
ad929e63-bb1a-4899-94a6-e355c8336bae,
b92dabad-f65f-4d66-b0df-3bc8cf0cde9b,
356a3a5e-3d6e-4caa-b44d-eb70c02805c0,
7ce674b4-3cb1-47f9-8e5a-a43d6b1933c0,
7718ee12-8460-4d28-9c0c-d9eea6677951,
e5171172-15a4-41b3-8bc8-059d76beae04,
274d7930-bf4d-4fc8-8c40-3c39fb7434fc,
283c2015-7c92-4733-8f09-17784c1f3d3e,
451006dd-a388-474b-b698-877e2fa0180a,
4553c5d3-b5a0-49b3-8af7-e8e1de5b1ff9,
a90a4cde-3d63-4d35-adea-06bd85f66b4B,
1c832ee3-caae-4834-9010-81d652cca72d,
0df9d8d2-dbfb-4448-934c-30e241c45f9B,
cc8319d2-dc79-418d-863c-6b8e126de86a,
6ddc7e73-065a-431f-8ca6-4070f0c1d5dc,
2a694793-2bbf-4a66-a3c3-74f45e8b0ebd,
d4221d9f-6fef-4688-8e88-7c163bc8218A,
5f43793c-d01e-4dae-9792-764db87eb4fa,
1554f20a-776f-42a6-88fb-91ca13e2b256,
f0c616ae-083f-40a8-9459-c363733e0eaa,
62a9c447-07c1-4528-a823-ccf9531f4b1a,
baebb16e-3997-491f-9a35-6faee35ef844,
1fa12ecc-b578-476a-8f0e-ae849e0f08fe,
2bff5af9-9362-4822-8538-efbbc042dc66,
7ad848d9-ffd7-4383-9ea7-88e5387e5c3A,
b86086c7-f3e5-4d80-ba71-65c8cc1f66ec,
60e6f677-9913-4349-a145-38cbbc08184d,
56af10ef-3fad-46b6-8f1b-d4d7bb7a4718,
d62ea3d8-1925-4162-918d-d2dfac207cfe,
9008ac7a-a425-466f-992c-5b8b2b303b7f,
c97e9813-44d5-4410-a963-751dd5fa9a95,
d2dc4dd7-4ad0-44e3-b2c9-989b25d5f5dB,
ddaac4cc-e1bb-4023-ad98-868cc14f2f9b,
f81194a0-45b1-463e-ac81-785c94732146,
80a96706-f7db-4ede-90b0-2d16afe1e655,
e5db6da8-c797-4998-9bb7-73bf86e27114,
6edec60a-fabd-43d8-9583-f3c95928f15d,
058d7dd9-4eab-489a-9619-1f866d1796a2,
af71282c-873b-4c3c-8398-f5cb22aac102,
61c33233-c020-4a96-9807-96b9af8bd1e7,
ed3c2e67-0423-461c-b1d1-e3836fce0ab5,
42d2598b-b377-4b3d-a285-01038f0ec796,
b1365702-9eec-441a-94e7-0bc3a8611f94,
c4603269-fe45-4535-9ed4-3ab23ecd2130,
8ce29d6d-a164-4792-ada9-b85f7fa13851,
f01646c5-ac56-4174-b235-49676e4df3b9,
c42e78e4-fd10-418e-a4df-8e03fc34038b,
c5ff7a3d-0a93-4adf-8168-da4ce71c1638,
8ce5ca45-b371-46f7-b14b-080837f8c8e1,
b77934ec-ae8d-4b88-9804-d4ca0d925707,
f2ae1ae5-4126-469f-a445-b550a9a7940b,
a8c28188-2a0d-4020-9ff8-6546272cbf1A,
42d9b5b3-d72a-4472-aa78-9c8ff816da48,
bfb2e68d-13f6-4318-90c3-c477645544a3,
63fc86fd-1bdd-4f01-8d86-01b9420130a7,
fe07a134-4ffe-482e-9fd4-46fc8648866b,
f1458995-7b2e-494b-8004-80deb75e49e5,
23644b29-cc2f-41c4-bc9b-f853974f7bc2,
1bfbf954-9429-4c8b-bb22-009a87593882,
38894ab6-265e-4ac1-b503-a95794ac2d31,
360367ec-41dc-40f0-a221-15cb8bb72f03,
6dd004e6-316f-4c4d-ab16-d13c2f15376B,
ebeedb6b-86fa-4efd-9643-15cf5fbd2da0,
c8c8c190-8db8-45cd-87ef-94bacaf21c79,
644d8873-4aad-4632-bb52-37ca8170d4cd,
8f885e4f-160b-4d48-92bb-6701134cb7f1,
7d842f50-3fcd-4129-b359-351b7911f405,
fffb735e-5715-4f92-8dbe-f2bf415f3ac5,
91083a4a-4978-4a45-bfa7-511bc66c7e47,
c7bc5d04-b04d-4323-bde1-7d7825146f1e,
e819bba6-390b-4b11-a1f5-8f64d04f2bca,
4f928a11-492f-465d-b171-c5b8ecdf8e76,
8afca097-a142-499d-a5e5-f723b6b41594,
b5480a5d-e929-4f74-9a0d-e14514bfd02B,
e24900ff-a9a5-48f3-a55f-9e04aee658e9,
f1bee78b-91ca-4b72-8b91-0bb7bf1a3589,
4979275b-1bd2-45ef-a0e7-85b023777884,
5fe7a7fb-2bf1-4734-ad17-c97ee1a8a391,
2797d9b9-f1ca-4150-ad2d-bb012e616e24,
d814004c-2da6-41e6-8cf1-90cb5679b675,
40bf12ea-2b58-4e31-83d4-df87223b73bA,
2a4d0f25-c8c5-4873-8e5e-54899e076613,
70aa5b73-a629-4835-8025-3af2eaf097d7,
88648a2a-8b4d-4ee0-b363-0b9a3724a06b,
472139c8-face-4d00-9ee4-4ec97cfeb4dd,
56e09a78-7a21-4aed-98b0-b9035d9393eB,
0dcad7dc-cd03-41ae-975e-87e2c37d547B,
4c4c19de-4552-47bb-9043-927e0ade1919,
0df9d8d2-dbfb-4448-934c-30e241c45f9C,
3421ed7c-06a8-4e32-a209-1236b3b4e43E,
88874f26-8aee-4a7d-b3c4-d2611fd85f96,
3713edda-8bc3-4d58-bd1c-583ad16ca517,
f8d72444-b2b7-4b64-b14b-f00b4d51f183,
b4f17049-28c3-4e2f-8937-bc320e22808C,
d2dc4dd7-4ad0-44e3-b2c9-989b25d5f5dA,
83726332-3322-44ed-a102-287054186e59,
b49b44e8-a9b8-4f1d-8cda-6b26e4bb0a08,
3dd33709-69c9-47cc-a755-82d0d2fac4ed,
2a8a6b29-77e2-473a-8e73-5de744b0b322,
88d4f556-b53d-427d-b6f4-0fd4c2acb4d9,
63f719a9-39be-4b8c-bde6-c2c28b94f9e6,
67ca1bd3-57a0-44c9-9e67-35371f3e71c5,
82b16d8a-a50a-43c8-8319-c49f1c74b9eA,
189b41b2-ebf7-4e79-bcdb-c651fe556b69,
92c90f11-0154-49b6-a7fc-bfb72e04ed15,
45218355-2e04-4f4a-a8ab-0081b654bdeB,
bbd3f93a-bb04-45b4-ab54-a43e2512173f,
b35bf5ed-0bdf-4fa5-908e-5b53657fda49,
249c7f00-f80f-4f4a-bac2-becf3eda7e6f,
58f5dee2-babc-42bf-8ca6-b5533eaa3dd3,
c91b068a-d060-42c2-a343-72d118c8764e,
3421ed7c-06a8-4e32-a209-1236b3b4e43C,
13daec40-0bc9-45f3-9a9e-88597714a037,
41fb966b-0cbf-4f0a-a356-67115eaa6d9c,
bb7b36c0-76a9-447c-afe3-cd31c8aa3f9e,
1c7a2877-5b8d-4661-ab3c-a193c298ccea,
ffc9c2d8-429e-4dff-8aa4-466da35d9d2A,
e13924be-7746-4263-ab76-2f771b0a3b9f,
458197da-fa3e-4215-ab73-d25d682843f7,
32620d50-2d3a-4c1d-a7a0-24cdd30462ee,
048c6400-4b66-4eed-8d3b-739ea4e72a78,
cca7252a-a5b7-4951-a90c-d480374cf874,
c83ef3f5-b5fa-41a6-a18a-97af186b3b40,
366e93c4-245c-454e-a3ee-4ca2f76159aA,
1f742c48-bd15-495b-94de-490c7075c6cc,
8193d00b-18e4-4179-8a6c-906562d12b21,
3f3d4326-5e39-4900-a7f2-67fb07a0d7eb,
01310146-cc68-43b1-bdde-120a0c9fc266,
703b69af-3eb3-494d-9a18-79d80cd210e2,
366e93c4-245c-454e-a3ee-4ca2f76159aC,
08024a1c-2d1e-4d3e-81fb-51fe27e99952,
2a8d85f4-d5c4-41df-b2ed-3369c47f7a97,
b93d2bc7-c9b6-4769-97cb-64928228cc7B,
ee171559-48fa-43e4-b2dc-ff014c3785fB,
f1fc7dd1-50de-43cd-ba1e-19a85d0b7f35,
f66457c9-8387-4273-a8ff-c2ed2c21257e,
80a71681-d601-46bb-8add-ad81597699e5,
0a96b1fb-5ab4-48f5-8d67-debd76937aaB,
128346e9-cb99-4dca-a93c-417a1ff29f97,
ce06906d-79be-4b58-8e06-8860d8eb7bbA,
3253d291-54f9-4eee-b3dc-1cf53ef28581,
2b9c89fd-e1b5-4038-a6d6-b86be7f0ed40,
0156548f-6989-4ad9-99ab-e3e9e927455A,
af034003-b4aa-4910-99c5-6a2a2a79fbcc,
d4221d9f-6fef-4688-8e88-7c163bc8218B,
7e374ada-cf85-45e9-b6fc-a712dc04199d,
006e92b4-8c6a-4fb2-a870-d172b70546a5,
366e93c4-245c-454e-a3ee-4ca2f76159aD,
9bc903d3-6923-4c9d-be32-c38d916572da,
75dac420-b537-44f5-b4b3-c2b81d588f63,
56f5bb5f-b20d-4dfd-abd5-e0d134de7a48,
b93d2bc7-c9b6-4769-97cb-64928228cc7A,
a1e81f60-fcc9-451b-8a85-36be2a23e8f9,
f7730dbc-43bd-4675-ad31-c7c1e5f06104,
5dc6384d-c637-46cc-a80d-03b29717b450,
ce06906d-79be-4b58-8e06-8860d8eb7bbB,
267e6227-24b4-4f4a-8740-219f65fba8f1,
83bd6b15-89b3-4db6-b8e6-fee629a313c7,
6196aebd-05ae-458b-b717-c5c5ccc87ebb,
a8c28188-2a0d-4020-9ff8-6546272cbf1B,
60a8036e-9c04-4191-b8c5-8b6456eb964B,
7ad848d9-ffd7-4383-9ea7-88e5387e5c3B,
f1d2c467-9cbf-4f2a-9e53-d9c6bfb0028B,
3dc34603-be88-44ab-9e97-652cdac03f82,
4636d6da-5d00-4904-bb35-8e00e168446e,
5e11347a-d91f-4650-8615-62bf6a6c23bb,
0156548f-6989-4ad9-99ab-e3e9e927455B,
01e223be-039f-4c3a-acef-1b1e92245aba,
ee171559-48fa-43e4-b2dc-ff014c3785fA,
dba810e6-15e0-41e9-861a-84d253c45865,
b8c06630-e52d-4f94-85f7-e48dc8a27d4C,
3421ed7c-06a8-4e32-a209-1236b3b4e43B,
f1d2c467-9cbf-4f2a-9e53-d9c6bfb0028A,
366e93c4-245c-454e-a3ee-4ca2f76159aB,
0b2d82ba-2874-45e0-9e70-782edbcbec6B,
b4f17049-28c3-4e2f-8937-bc320e22808D,
d080c766-6dd8-4b4e-bfc2-9770935d5e8d,
3539c8c1-e325-473d-a3d5-3671f01a88ca,
82b16d8a-a50a-43c8-8319-c49f1c74b9eB,
0ae2e23b-f138-4671-97ad-e6fcff696feB,
45218355-2e04-4f4a-a8ab-0081b654bdeA,
54abdcaf-095e-4c16-9ebe-fb900528efc8,
3a13c5bd-6a57-4b24-a66b-e2d7c75bb2dB,
b4312735-9796-40b7-a4b7-bc9db0326617,
b8c06630-e52d-4f94-85f7-e48dc8a27d4B,
40bf12ea-2b58-4e31-83d4-df87223b73bB,
6dd004e6-316f-4c4d-ab16-d13c2f15376A,
0dcad7dc-cd03-41ae-975e-87e2c37d547A,
b4f17049-28c3-4e2f-8937-bc320e22808A,
b8c06630-e52d-4f94-85f7-e48dc8a27d4A,
b4f17049-28c3-4e2f-8937-bc320e22808B,
3421ed7c-06a8-4e32-a209-1236b3b4e43D,
0a853aff-cb2a-408c-b454-b5b2b740b90d,
a8c28188-2a0d-4020-9ff8-6546272cbf1C,
